Pos,ID,Name,BV,SV,Team,15_xMins,15_Pts,16_xMins,16_Pts
D,1,Cédric,4.2,4.2,Arsenal,4,0.16,5,0.24
G,2,Leno,4.5,4.5,Fulham,88,3.25,88,3.29
M,3,Xhaka,5.1,5.1,Arsenal,80,2.44,77,2.75
M,4,Elneny,4.2,4.2,Arsenal,0,0.00,1,0.04
D,5,Holding,4.2,4.2,Arsenal,6,0.18,8,0.31
M,6,Partey,4.8,4.8,Arsenal,84,2.55,80,2.79
M,7,Ødegaard,6.4,6.4,Arsenal,72,3.22,69,3.77
D,8,Tierney,4.8,4.8,Arsenal,32,1.23,37,1.87
M,9,Pépé,5.3,5.3,Arsenal,0,0.00,0,0.00
D,10,White,4.6,4.6,Arsenal,81,2.63,78,3.41
F,11,Nketiah,6.5,6.5,Arsenal,21,1.25,31,2.08
M,12,Smith Rowe,5.6,5.6,Arsenal,0,0.00,0,0.00
M,13,Saka,8.0,8.0,Arsenal,56,3.21,72,5.01
D,14,Tomiyasu,4.2,4.2,Arsenal,61,2.10,56,2.54
G,15,Ramsdale,4.9,4.9,Arsenal,89,3.53,87,3.87
D,16,Gabriel,5.1,5.1,Arsenal,82,3.00,77,3.88
D,17,Tavares,4.5,4.5,Arsenal,0,0.00,0,0.00
M,18,Sambi,4.3,4.3,Arsenal,8,0.30,9,0.38
M,19,Martinelli,6.8,6.4,Arsenal,79,3.94,75,4.49
D,20,Pablo Marí,4.5,4.5,Arsenal,0,0.00,0,0.00
M,21,Maitland-Niles,4.8,4.8,Southampton,32,1.21,31,1.08
M,22,Torreira,4.5,4.5,Arsenal,0,0.00,0,0.00
M,23,Nelson,4.8,4.8,Arsenal,26,1.41,19,1.17
G,24,Turner,3.9,3.9,Arsenal,1,0.03,3,0.12
M,25,Fábio Vieira,5.7,5.7,Arsenal,24,1.18,26,1.44
D,26,Saliba,5.2,5.2,Arsenal,84,2.60,69,2.92
M,27,Marquinhos,4.7,4.7,Arsenal,2,0.16,4,0.28
F,28,Jesus,8.0,8.0,Arsenal,83,4.05,69,4.09
M,29,Coutinho,6.6,6.6,Aston Villa,43,2.14,42,1.99
F,30,Ings,6.6,6.6,Aston Villa,74,3.75,71,3.41
G,31,Martínez,4.9,4.9,Aston Villa,74,2.88,88,3.40
D,32,Chambers,4.2,4.2,Aston Villa,3,0.08,6,0.17
D,33,Digne,4.6,4.6,Aston Villa,72,2.35,77,2.41
M,34,Traoré,4.9,4.9,Aston Villa,0,0.00,0,0.00
G,35,Olsen,4.0,4.0,Aston Villa,16,0.60,1,0.06
M,36,Sanson,4.3,4.3,Aston Villa,1,0.09,3,0.17
M,37,McGinn,5.1,5.1,Aston Villa,46,1.47,48,1.48
D,38,Hause,4.4,4.4,Aston Villa,0,0.00,0,0.00
D,39,Mings,4.3,4.3,Aston Villa,87,2.31,82,2.17
F,40,Watkins,7.1,7.1,Aston Villa,82,3.37,79,3.11
M,41,Nakamba,4.3,4.3,Aston Villa,3,0.14,5,0.23
M,42,Buendía,5.7,5.7,Aston Villa,48,2.31,50,2.29
D,43,Cash,4.6,4.6,Aston Villa,76,2.24,77,2.20
D,44,Konsa,4.4,4.4,Aston Villa,85,2.35,83,2.23
M,45,Bailey,4.6,4.6,Aston Villa,64,2.93,63,2.77
M,46,Douglas Luiz,4.8,4.8,Aston Villa,72,2.10,64,1.85
M,47,Ramsey,5.2,5.2,Aston Villa,38,1.64,36,1.51
M,48,Chukwuemeka,4.3,4.3,Chelsea,1,0.05,3,0.18
M,49,Iroegbunam,4.5,4.5,Aston Villa,0,0.00,0,0.00
D,50,Diego Carlos,4.7,4.7,Aston Villa,0,0.00,0,0.00
M,51,El Ghazi,4.8,4.8,Aston Villa,0,0.00,0,0.00
F,52,Davis,5.4,5.4,Aston Villa,0,0.00,0,0.00
M,53,Kamara,4.8,4.8,Aston Villa,0,0.00,15,0.47
F,54,Archer,4.3,4.3,Aston Villa,6,0.29,6,0.28
M,55,Philogene-Bidace,4.5,4.5,Aston Villa,0,0.00,0,0.00
D,56,Guilbert,3.9,3.9,Aston Villa,0,0.00,0,0.01
D,57,Smith,4.4,4.4,Bournemouth,77,1.91,61,2.10
M,58,Stanislas,4.8,4.8,Bournemouth,9,0.58,12,0.79
D,59,Fredericks,4.4,4.4,Bournemouth,46,1.43,50,1.96
M,60,Brooks,5.3,5.3,Bournemouth,0,0.00,0,0.00
M,61,Lowe,5.2,5.2,Bournemouth,2,0.14,4,0.25
F,62,Moore,5.4,5.4,Bournemouth,46,2.08,40,2.03
M,63,Marcondes,4.7,4.7,Bournemouth,1,0.05,1,0.09
M,64,Lerma,4.9,4.9,Bournemouth,83,2.34,78,2.42
D,65,Stacey,4.3,4.3,Bournemouth,5,0.17,12,0.45
F,66,Solanke,5.7,5.7,Bournemouth,75,3.63,74,4.05
M,67,Cook,4.9,4.9,Bournemouth,71,2.05,71,2.19
M,68,Pearson,4.4,4.4,Bournemouth,11,0.42,17,0.66
M,69,Christie,5.3,5.3,Bournemouth,63,2.60,63,2.86
M,70,Billing,5.3,5.3,Bournemouth,72,2.84,68,3.03
D,71,Mepham,4.4,4.4,Bournemouth,84,1.94,64,2.11
G,72,Travers,4.3,4.3,Bournemouth,89,3.23,88,3.52
D,73,Kelly,4.4,4.4,Bournemouth,0,0.00,7,0.23
M,74,Dembélé,4.7,4.7,Bournemouth,3,0.15,5,0.28
M,75,Anthony,5.2,5.2,Bournemouth,20,1.05,25,1.37
D,76,Zemura,4.4,4.4,Bournemouth,58,1.50,63,2.22
G,77,Dennis,4.0,4.0,Bournemouth,1,0.04,2,0.09
D,78,Jansson,4.2,4.2,Brentford,0,0.00,0,0.00
M,79,Nørgaard,5.3,5.3,Brentford,15,0.57,50,1.32
F,80,Toney,7.4,7.4,Brentford,0,0.00,85,2.87
G,81,Raya,4.6,4.6,Brentford,88,3.67,89,3.24
D,82,Canós,5.0,5.0,Brentford,19,1.14,17,0.54
M,83,Dasilva,4.3,4.3,Brentford,41,1.92,30,1.19
D,84,Ajer,4.5,4.5,Brentford,75,2.79,72,1.19
D,85,Henry,4.5,4.5,Brentford,86,2.99,78,1.21
M,86,Janelt,5.5,5.5,Brentford,71,2.60,62,1.79
M,87,Ghoddos,4.8,4.8,Brentford,7,0.40,2,0.12
M,88,Jensen,4.9,4.9,Brentford,52,2.13,62,1.98
M,89,Wissa,5.4,5.4,Brentford,67,3.82,34,1.44
D,90,Roerslev,4.3,4.3,Brentford,32,1.27,33,0.68
D,91,Bech,4.5,4.5,Brentford,0,0.00,0,0.00
D,92,Pinnock,4.4,4.4,Brentford,86,3.12,81,1.22
M,93,Onyeka,4.8,4.8,Brentford,40,1.66,29,1.06
M,94,Baptiste,4.5,4.5,Brentford,39,1.68,25,0.96
F,95,Mbeumo,5.8,5.8,Brentford,79,4.08,68,2.38
D,96,Goode,3.9,3.9,Brentford,0,0.00,1,0.04
F,97,Forss,4.5,4.5,Brentford,0,0.00,0,0.00
D,98,Thompson,4.0,4.0,Brentford,0,0.00,0,0.00
M,99,Bidstrup,4.5,4.5,Brentford,0,0.00,0,0.00
G,100,Balcombe,4.0,4.0,Brentford,0,0.00,0,0.00
M,101,Lallana,4.9,4.9,Brighton,51,2.42,50,2.43
G,102,Steele,3.9,3.9,Brighton,2,0.07,2,0.09
F,103,Welbeck,6.5,6.5,Brighton,59,2.89,69,3.53
M,104,Groß,5.6,5.6,Brighton,70,3.68,72,4.09
D,105,Duffy,4.3,4.3,Fulham,4,0.12,7,0.22
D,106,Dunk,4.7,4.6,Brighton,87,3.59,86,3.71
M,107,March,5.0,5.0,Brighton,77,2.96,75,3.03
D,108,Webster,4.5,4.5,Brighton,85,3.42,82,3.47
D,109,Veltman,4.6,4.6,Brighton,59,2.42,74,3.11
F,110,Maupay,6.1,6.1,Everton,17,1.02,20,1.15
M,111,Trossard,6.9,6.9,Brighton,72,4.25,71,4.41
D,112,Cucurella,5.1,5.1,Chelsea,61,2.40,57,2.14
G,113,Sánchez,4.6,4.6,Brighton,88,3.79,88,3.85
D,114,Lamptey,4.2,4.2,Brighton,12,0.58,15,0.73
M,115,Alzate,4.4,4.4,Brighton,0,0.00,0,0.00
M,116,Mac Allister,5.5,5.5,Brighton,83,3.80,65,3.20
M,117,Moder,4.4,4.4,Brighton,0,0.00,0,0.00
M,118,Mwepu,5.3,5.3,Brighton,0,0.00,0,0.00
M,119,Sarmiento,4.5,4.5,Brighton,2,0.17,3,0.23
M,120,Caicedo,5.0,5.0,Brighton,85,2.60,81,2.61
M,121,Richards,4.5,4.5,Brighton,0,0.00,0,0.00
D,122,Roberts,4.0,4.0,Brighton,0,0.00,0,0.00
F,123,Undav,5.1,5.1,Brighton,5,0.32,7,0.49
M,124,Mitoma,4.9,4.9,Brighton,58,2.60,58,2.73
F,125,Enciso,4.7,4.7,Brighton,12,0.64,13,0.72
M,126,Kozłowski,4.5,4.5,Brighton,0,0.00,0,0.00
D,127,Azpilicueta,4.8,4.8,Chelsea,54,2.00,53,1.88
D,128,Thiago Silva,5.4,5.4,Chelsea,80,2.68,73,2.38
D,129,Alonso,5.3,5.3,Chelsea,0,0.00,0,0.00
M,130,Jorginho,5.9,5.9,Chelsea,57,2.18,53,2.02
M,131,Barkley,4.9,4.9,Chelsea,0,0.00,0,0.00
M,132,Kovacic,4.9,4.9,Chelsea,57,1.97,55,1.89
G,133,Arrizabalaga,4.5,4.5,Chelsea,68,2.74,81,3.24
M,134,Kanté,4.8,4.8,Chelsea,0,0.00,0,0.00
M,135,Ziyech,5.5,5.5,Chelsea,6,0.34,10,0.57
M,136,Loftus-Cheek,5.0,5.0,Chelsea,45,1.68,45,1.66
F,137,Werner,7.9,7.9,Chelsea,0,0.00,0,0.00
D,138,Kenedy,3.9,3.9,Chelsea,0,0.00,0,0.00
D,139,Chilwell,5.9,5.9,Chelsea,76,3.05,70,2.72
M,140,Pulisic,5.7,5.7,Chelsea,38,1.91,39,1.92
D,141,Chalobah,4.7,4.7,Chelsea,53,1.82,48,1.58
M,142,Mount,7.7,7.7,Chelsea,77,3.69,70,3.30
D,143,Sarr,5.0,5.0,Chelsea,0,0.00,0,0.00
M,144,Hudson-Odoi,5.3,5.3,Chelsea,0,0.00,0,0.00
F,145,Havertz,7.7,7.7,Chelsea,52,2.49,47,2.21
D,146,James,5.9,5.9,Chelsea,0,0.00,0,0.00
G,147,Mendy,4.8,4.8,Chelsea,22,0.86,9,0.34
M,148,Gallagher,5.7,5.7,Chelsea,31,1.41,38,1.62
M,149,Gilmour,4.3,4.3,Brighton,10,0.41,17,0.73
F,150,Broja,5.3,5.3,Chelsea,18,1.08,22,1.26
D,151,Ampadu,4.4,4.4,Chelsea,0,0.00,0,0.00
G,152,Guaita,4.5,4.5,Crystal Palace,89,3.39,87,3.77
D,153,Tomkins,3.9,3.9,Crystal Palace,7,0.22,15,0.59
M,154,McArthur,4.8,4.8,Crystal Palace,1,0.04,7,0.33
F,155,Benteke,5.5,5.5,Crystal Palace,0,0.00,0,0.00
D,156,Ward,4.5,4.5,Crystal Palace,74,1.94,72,2.57
D,157,Clyne,4.5,4.5,Crystal Palace,29,0.96,33,1.39
M,158,Milivojevic,4.3,4.3,Crystal Palace,36,1.34,29,1.24
M,159,Ayew,5.4,5.4,Crystal Palace,58,2.37,55,2.59
M,160,Zaha,7.5,7.4,Crystal Palace,86,3.85,82,4.64
M,161,Schlupp,4.8,4.8,Crystal Palace,63,2.08,62,2.33
G,162,Butland,4.4,4.4,Crystal Palace,0,0.01,0,0.01
M,163,Hughes,4.8,4.8,Crystal Palace,15,0.67,17,0.77
M,164,Riedewald,4.3,4.3,Crystal Palace,5,0.22,6,0.24
D,165,Andersen,4.5,4.5,Crystal Palace,86,2.42,84,3.23
F,166,Edouard,5.4,5.4,Crystal Palace,46,2.09,66,3.44
D,167,Guéhi,4.4,4.4,Crystal Palace,86,2.38,72,2.71
F,168,Mateta,5.2,5.2,Crystal Palace,37,1.91,24,1.53
M,169,Eze,5.7,5.7,Crystal Palace,74,2.97,70,3.41
D,170,Mitchell,4.5,4.5,Crystal Palace,73,2.22,71,2.85
M,171,Olise,5.4,5.4,Crystal Palace,56,2.41,51,2.61
M,172,Rak-Sakyi,4.5,4.5,Crystal Palace,0,0.00,0,0.00
M,173,Ebiowei,4.3,4.3,Crystal Palace,9,0.45,8,0.43
D,174,Ferguson,3.9,3.9,Crystal Palace,3,0.10,8,0.29
G,175,Johnstone,4.4,4.4,Crystal Palace,1,0.05,3,0.12
G,176,Begović,4.0,4.0,Everton,1,0.03,1,0.05
F,177,Rondón,5.0,5.0,Everton,2,0.16,3,0.23
D,178,Coleman,4.5,4.5,Everton,37,1.54,25,1.06
M,179,Townsend,5.4,5.4,Everton,0,0.00,0,0.00
D,180,Keane,4.2,4.2,Everton,5,0.21,8,0.31
M,181,Dele,5.3,5.3,Everton,0,0.00,0,0.00
G,182,Pickford,4.5,4.5,Everton,89,3.84,89,3.75
M,183,Allan,4.8,4.8,Everton,0,0.00,0,0.00
M,184,André Gomes,4.5,4.5,Everton,0,0.00,0,0.00
M,185,A.Doucouré,5.3,5.3,Everton,8,0.38,11,0.50
M,186,Iwobi,5.6,5.6,Everton,78,3.14,77,3.01
M,187,Gbamin,4.5,4.5,Everton,0,0.00,0,0.00
D,188,Mina,4.3,4.3,Everton,0,0.00,4,0.18
M,189,Gray,5.4,5.4,Everton,62,3.28,60,3.09
M,190,Davies,4.9,4.9,Everton,6,0.30,13,0.58
F,191,Calvert-Lewin,7.9,7.9,Everton,79,4.40,77,4.13
D,192,Holgate,4.3,4.3,Everton,30,1.06,29,1.02
D,193,Godfrey,4.3,4.3,Everton,0,0.00,0,0.00
D,194,Mykolenko,4.5,4.5,Everton,80,3.07,75,2.77
M,195,Gordon,5.4,5.4,Everton,72,3.43,68,3.13
D,196,Branthwaite,4.0,4.0,Everton,0,0.00,0,0.00
D,197,Patterson,4.0,4.0,Everton,53,1.92,67,2.38
D,198,Nkounkou,4.0,4.0,Everton,0,0.00,0,0.00
D,199,Tarkowski,4.4,4.4,Everton,84,3.08,80,2.87
M,200,Cairney,4.7,4.7,Fulham,16,0.69,25,1.12
D,201,Ream,4.5,4.5,Fulham,86,1.22,86,1.85
M,202,Knockaert,4.7,4.7,Fulham,0,0.00,0,0.00
M,203,Chalobah,4.4,4.4,Fulham,5,0.27,14,0.62
M,204,Kebano,5.4,5.4,Fulham,52,1.92,41,1.92
M,205,De Cordova-Reid,5.5,5.5,Fulham,0,0.00,64,2.36
D,206,Bryan,4.4,4.4,Fulham,0,0.00,0,0.00
G,207,Gazzaniga,4.0,4.0,Fulham,0,0.00,0,0.00
D,208,Kongolo,3.9,3.9,Fulham,0,0.00,0,0.00
D,209,Tosin,4.5,4.5,Fulham,29,0.47,29,0.73
F,210,Mitrović,6.9,6.9,Fulham,84,3.25,67,3.61
M,211,Reed,4.5,4.5,Fulham,74,1.89,57,1.77
M,212,Wilson,5.7,5.7,Fulham,38,1.51,38,1.92
G,213,Rodák,4.4,4.4,Fulham,2,0.07,2,0.07
M,214,Cavaleiro,4.8,4.8,Fulham,0,0.00,0,0.00
D,215,Tete,4.4,4.4,Fulham,67,1.06,51,1.32
M,216,Onomah,4.3,4.3,Fulham,0,0.00,0,0.01
D,217,Robinson,4.4,4.4,Fulham,85,1.23,81,1.91
F,218,Muniz,5.4,5.4,Fulham,0,0.00,0,0.00
F,219,Stansfield,4.5,4.5,Fulham,0,0.00,0,0.00
M,220,Palhinha,5.0,5.0,Fulham,86,2.03,81,2.29
D,221,Cooper,4.4,4.4,Leeds,86,3.45,81,1.76
D,222,Ayling,4.5,4.5,Leeds,30,1.41,33,0.86
M,223,Klich,4.7,4.7,Leeds,23,1.27,25,1.14
M,224,Forshaw,4.4,4.4,Leeds,0,0.00,1,0.04
M,225,Rodrigo,6.3,6.3,Leeds,49,3.60,46,2.41
D,226,Dallas,4.9,4.9,Leeds,0,0.00,0,0.00
F,227,Bamford,7.2,7.2,Leeds,58,4.25,54,2.75
D,228,Llorente,4.4,4.4,Leeds,14,0.58,19,0.48
M,229,Roberts,5.0,5.0,Leeds,0,0.00,0,0.00
D,230,Koch,4.5,4.5,Leeds,81,3.33,78,1.76
M,231,James,6.0,6.0,Fulham,25,1.07,21,1.08
M,232,Raphinha,7.0,7.0,Leeds,0,0.00,0,0.00
M,233,Harrison,5.9,5.9,Leeds,73,3.92,71,2.77
M,234,Shackleton,4.5,4.5,Leeds,0,0.00,0,0.00
D,235,Struijk,4.5,4.5,Leeds,66,2.87,64,1.50
G,236,Klaesson,3.9,3.9,Leeds,1,0.05,2,0.07
F,237,Greenwood,4.2,4.2,Leeds,4,0.31,6,0.27
G,238,Meslier,4.5,4.5,Leeds,89,3.80,88,3.17
D,239,Firpo,4.5,4.5,Leeds,22,1.04,25,0.76
M,240,Summerville,4.4,4.4,Leeds,27,1.51,22,0.96
M,241,Bate,4.5,4.5,Leeds,0,0.00,0,0.00
F,242,Gelhardt,5.1,5.1,Leeds,7,0.52,6,0.40
D,243,Hjelde,3.9,3.9,Leeds,0,0.01,2,0.06
D,244,Kristensen,4.8,4.8,Leeds,64,2.80,61,1.47
M,245,Roca,4.9,4.9,Leeds,68,2.67,66,2.08
M,246,Aaronson,5.5,5.5,Leeds,82,3.92,76,2.68
M,247,Gyabi,4.3,4.3,Leeds,0,0.00,0,0.01
G,248,Schmeichel,5.0,5.0,Leicester,0,0.00,0,0.00
D,249,Evans,4.4,4.4,Leicester,41,1.26,81,2.12
D,250,Bertrand,3.9,3.9,Leicester,0,0.00,0,0.00
M,251,Albrighton,4.7,4.7,Leicester,7,0.29,7,0.28
M,252,Mendy,4.3,4.3,Leicester,10,0.38,9,0.33
D,253,Vestergaard,3.9,3.9,Leicester,1,0.04,1,0.03
G,254,Ward,4.1,4.0,Leicester,88,3.49,87,3.28
F,255,Vardy,9.1,9.1,Leicester,53,2.95,52,2.66
D,256,Ricardo,4.3,4.3,Leicester,0,0.00,0,0.00
D,257,Amartey,4.3,4.3,Leicester,50,1.56,25,0.74
D,258,Castagne,4.6,4.6,Leicester,77,2.67,74,2.21
M,259,Tielemans,6.3,6.3,Leicester,80,2.99,77,2.70
M,260,Pérez,4.7,4.7,Leicester,10,0.56,12,0.64
M,261,Maddison,8.2,8.2,Leicester,84,4.09,80,3.52
F,262,Iheanacho,6.1,6.1,Leicester,18,1.05,22,1.15
M,263,Choudhury,4.5,4.5,Leicester,0,0.00,0,0.00
M,264,Barnes,6.9,6.9,Leicester,75,3.58,70,3.09
M,265,Ndidi,4.8,4.8,Leicester,67,1.98,73,2.01
M,266,Dewsbury-Hall,5.0,5.0,Leicester,59,2.12,58,2.00
D,267,Söyüncü,4.2,4.2,Leicester,6,0.22,4,0.13
D,268,Justin,4.3,4.3,Leicester,83,2.72,78,2.25
M,269,Soumaré,4.4,4.4,Leicester,30,1.17,26,1.02
D,270,Thomas,4.3,4.3,Leicester,16,0.52,19,0.54
F,271,Daka,5.7,5.7,Leicester,44,2.34,45,2.21
D,272,Fofana,4.3,4.3,Chelsea,0,0.00,0,0.00
D,273,Brunt,3.9,3.9,Leicester,0,0.00,0,0.00
M,274,Milner,4.4,4.4,Liverpool,5,0.28,11,0.62
M,275,Henderson,5.3,5.3,Liverpool,58,2.13,53,2.38
D,276,Matip,5.9,5.9,Liverpool,6,0.22,27,1.34
M,277,Thiago,5.2,5.2,Liverpool,61,2.08,54,2.27
M,278,Chamberlain,4.9,4.9,Liverpool,5,0.35,7,0.53
F,279,Firmino,8.1,8.1,Liverpool,64,3.10,62,3.90
D,280,Van Dijk,6.5,6.5,Liverpool,86,2.90,84,3.98
G,281,Alisson,5.4,5.4,Liverpool,89,3.62,88,4.06
M,282,Fabinho,5.3,5.3,Liverpool,70,2.06,65,2.30
M,283,Salah,12.8,12.7,Liverpool,85,5.72,80,7.68
D,284,Robertson,6.7,6.7,Liverpool,78,3.04,74,4.13
D,285,Alexander-Arnold,7.2,7.2,Liverpool,83,3.75,79,5.20
D,286,Gomez,4.6,4.6,Liverpool,36,1.14,23,0.99
M,287,Keita,4.7,4.7,Liverpool,1,0.06,9,0.49
F,288,Diogo Jota,8.9,8.9,Liverpool,0,0.00,0,0.00
G,289,Kelleher,4.0,4.0,Liverpool,1,0.04,2,0.07
D,290,Konaté,4.8,4.8,Liverpool,54,1.70,51,2.25
M,291,Jones,4.9,4.9,Liverpool,13,0.63,21,1.23
D,292,Tsimikas,4.5,4.5,Liverpool,14,0.59,16,0.89
M,293,Luis Díaz,7.8,7.8,Liverpool,0,0.00,0,0.00
M,294,Elliott,5.0,5.0,Liverpool,49,2.35,50,3.05
D,295,N.Williams,4.1,4.1,Nott'm Forest,49,1.96,53,2.04
M,296,Carvalho,5.4,5.4,Liverpool,55,2.77,53,3.56
F,297,Darwin,8.9,8.8,Liverpool,74,4.15,70,5.37
D,298,Ramsay,3.9,3.9,Liverpool,0,0.01,1,0.04
D,299,Walker,4.9,4.9,Man City,0,0.00,8,0.41
M,300,Gündogan,7.3,7.3,Man City,49,3.20,47,2.79
M,301,De Bruyne,12.5,12.5,Man City,80,6.82,77,6.10
D,302,Stones,5.4,5.4,Man City,58,3.17,54,2.97
M,303,Mahrez,7.5,7.5,Man City,45,3.90,44,3.50
M,304,Sterling,9.7,9.7,Chelsea,71,3.60,69,3.40
M,305,Grealish,6.8,6.8,Man City,62,4.34,56,3.71
D,306,Cancelo,7.4,7.4,Man City,75,4.76,74,4.73
G,307,Ederson,5.4,5.4,Man City,89,4.29,87,4.32
D,308,Aké,5.0,5.0,Man City,40,2.27,34,1.95
D,309,Laporte,5.8,5.8,Man City,61,3.35,60,3.41
G,310,Steffen,4.0,4.0,Man City,0,0.00,0,0.00
M,311,Bernardo,6.9,6.9,Man City,63,3.50,61,3.28
D,312,Dias,5.9,5.9,Man City,58,3.06,66,3.63
D,313,Zinchenko,5.0,5.0,Arsenal,12,0.46,37,1.80
M,314,Foden,8.5,8.5,Man City,66,5.20,64,4.90
M,315,Rodri,5.7,5.7,Man City,76,3.08,78,3.07
M,316,Palmer,4.3,4.3,Man City,14,1.00,12,0.80
M,317,McAtee,4.5,4.5,Man City,0,0.00,0,0.00
F,318,Haaland,12.1,11.8,Man City,40,4.20,69,6.99
F,319,Álvarez,6.0,6.0,Man City,43,3.38,29,2.27
D,320,Mbete,3.9,3.9,Man City,0,0.00,0,0.00
M,321,Lavia,4.5,4.5,Southampton,22,0.70,65,1.68
D,322,Wilson-Esbrand,3.8,3.8,Man City,1,0.02,0,0.01
F,323,Delap,4.4,4.4,Man City,0,0.00,0,0.00
G,324,Ortega,3.8,3.8,Man City,1,0.06,3,0.14
M,325,Phillips,4.8,4.8,Man City,0,0.00,2,0.08
F,326,Ronaldo,10.2,10.2,Man Utd,71,4.60,43,3.15
G,327,De Gea,4.9,4.9,Man Utd,84,3.55,84,3.51
D,328,Jones,3.9,3.9,Man Utd,6,0.20,1,0.04
D,329,Varane,4.8,4.8,Man Utd,0,0.00,0,0.00
D,330,Maguire,4.7,4.7,Man Utd,55,1.98,73,2.72
M,331,Fred,5.1,5.1,Man Utd,54,1.99,20,0.92
D,332,Shaw,4.7,4.7,Man Utd,77,3.12,74,3.07
M,333,Fernandes,9.8,9.8,Man Utd,0,0.00,81,4.52
D,334,Telles,5.0,5.0,Man Utd,0,0.00,0,0.00
M,335,Rashford,6.6,6.6,Man Utd,75,4.34,65,3.94
M,336,Van de Beek,5.1,5.1,Man Utd,15,0.73,3,0.13
D,337,Lindelöf,4.3,4.3,Man Utd,29,1.05,21,0.76
M,338,McTominay,4.9,4.9,Man Utd,41,1.48,28,1.10
D,339,Bailly,4.0,4.0,Man Utd,0,0.00,0,0.00
M,340,Sancho,7.2,7.2,Man Utd,56,3.17,39,2.47
D,341,Wan-Bissaka,4.3,4.3,Man Utd,4,0.16,25,0.96
D,342,Dalot,4.8,4.8,Man Utd,83,3.16,60,2.34
D,343,B.Williams,3.9,3.9,Man Utd,0,0.00,1,0.04
M,344,Elanga,4.7,4.7,Man Utd,29,1.67,15,0.96
F,345,Martial,6.7,6.7,Man Utd,5,0.33,30,1.86
M,346,Andreas,4.6,4.5,Fulham,83,2.44,77,2.92
M,347,Pellistri,4.4,4.4,Man Utd,2,0.17,1,0.12
G,348,Heaton,3.9,3.9,Man Utd,0,0.00,0,0.00
M,349,Shelvey,4.8,4.8,Newcastle,33,1.34,23,0.89
D,350,Ritchie,4.2,4.2,Newcastle,0,0.00,0,0.00
D,351,Fernández,4.4,4.4,Newcastle,0,0.00,0,0.00
D,352,Clark,4.5,4.5,Newcastle,0,0.00,0,0.00
G,353,Darlow,3.9,3.9,Newcastle,0,0.01,0,0.01
F,354,Wood,5.6,5.6,Newcastle,7,0.47,10,0.61
G,355,Dubravka,4.2,4.2,Man Utd,6,0.24,6,0.24
F,356,Wilson,7.5,7.5,Newcastle,84,5.08,80,4.37
D,357,Trippier,5.9,5.5,Newcastle,86,4.19,82,3.44
D,358,Burn,4.5,4.5,Newcastle,81,3.36,80,2.81
M,359,Fraser,5.2,5.2,Newcastle,26,1.51,17,0.92
D,360,Lascelles,4.3,4.3,Newcastle,16,0.60,17,0.56
F,361,Gayle,4.5,4.5,Newcastle,0,0.00,0,0.00
D,362,Dummett,3.9,3.9,Newcastle,0,0.00,0,0.00
D,363,Manquillo,4.2,4.2,Newcastle,5,0.19,7,0.25
D,364,Krafth,4.3,4.3,Newcastle,0,0.00,0,0.00
M,365,Murphy,4.3,4.3,Newcastle,38,2.01,25,1.27
D,366,Schär,4.9,4.9,Newcastle,66,2.83,64,2.29
D,367,Targett,4.9,4.9,Newcastle,28,1.22,30,1.15
M,368,Saint-Maximin,6.2,6.2,Newcastle,55,3.05,71,3.49
M,369,Almirón,5.6,5.6,Newcastle,79,3.89,75,3.33
M,370,S.Longstaff,4.4,4.4,Newcastle,74,2.62,55,1.85
M,371,Joelinton,5.9,5.9,Newcastle,0,0.00,63,2.36
D,372,Lewis,4.4,4.4,Newcastle,4,0.15,4,0.13
M,373,Willock,4.9,4.9,Newcastle,58,2.80,44,1.98
M,374,Bruno Guimarães,5.7,5.7,Newcastle,79,3.18,75,2.71
M,375,Hendrick,4.5,4.5,Newcastle,0,0.00,0,0.00
G,376,Pope,5.3,5.2,Newcastle,89,3.89,88,3.68
D,377,Botman,4.4,4.4,Newcastle,75,3.17,75,2.67
M,378,Arter,4.3,4.3,Nott'm Forest,0,0.00,0,0.01
D,379,Cook,4.4,4.4,Nott'm Forest,84,2.79,69,2.32
F,380,Taylor,4.3,4.3,Nott'm Forest,0,0.01,0,0.02
M,381,Colback,4.3,4.3,Nott'm Forest,0,0.00,0,0.02
G,382,Samba,4.5,4.5,Nott'm Forest,0,0.00,0,0.00
M,383,Cafú,4.3,4.3,Nott'm Forest,0,0.01,1,0.05
M,384,Lolley,4.9,4.9,Nott'm Forest,0,0.00,0,0.00
D,385,McKenna,4.4,4.4,Nott'm Forest,85,2.65,66,2.08
D,386,Dräger,4.0,4.0,Nott'm Forest,0,0.00,0,0.00
M,387,Yates,5.0,5.0,Nott'm Forest,79,2.70,79,2.60
D,388,Worrall,4.3,4.3,Nott'm Forest,19,0.62,32,1.03
D,389,Panzo,4.0,4.0,Nott'm Forest,0,0.00,0,0.00
M,390,Xande Silva,5.0,5.0,Nott'm Forest,0,0.00,0,0.00
F,391,Surridge,4.7,4.7,Nott'm Forest,3,0.24,4,0.31
D,392,Laryea,4.5,4.5,Nott'm Forest,0,0.00,0,0.00
D,393,Mbe Soh,4.2,4.2,Nott'm Forest,0,0.00,0,0.00
F,394,Johnson,5.6,5.6,Nott'm Forest,64,3.20,63,2.91
M,395,Mighten,4.9,4.9,Nott'm Forest,0,0.00,0,0.00
M,396,Ojeda,4.5,4.5,Nott'm Forest,0,0.00,0,0.00
F,397,Awoniyi,5.7,5.7,Nott'm Forest,49,2.90,51,2.80
G,398,Henderson,4.7,4.7,Nott'm Forest,88,3.64,88,3.66
D,399,Biancone,4.2,4.2,Nott'm Forest,4,0.13,5,0.18
M,400,Walcott,4.9,4.9,Southampton,8,0.47,7,0.42
G,401,McCarthy,4.3,4.3,Southampton,3,0.12,3,0.10
M,402,Romeu,4.8,4.8,Southampton,0,0.00,0,0.00
M,403,Redmond,5.3,5.3,Southampton,0,0.00,0,0.00
D,404,Stephens,4.3,4.3,Bournemouth,13,0.34,21,0.74
M,405,S.Armstrong,4.8,4.8,Southampton,51,2.04,59,2.13
M,406,Elyounoussi,5.2,5.2,Southampton,62,2.69,54,2.14
M,407,Ward-Prowse,6.2,6.2,Southampton,88,3.31,85,2.82
F,408,A.Armstrong,5.5,5.5,Southampton,63,2.93,59,2.51
D,409,Walker-Peters,4.4,4.4,Southampton,0,0.00,0,0.00
D,410,Bednarek,4.2,4.2,Aston Villa,6,0.19,10,0.31
F,411,Adams,6.4,6.4,Southampton,75,3.24,72,2.77
M,412,Tella,5.0,5.0,Southampton,0,0.00,0,0.00
D,413,Lyanco,4.4,4.4,Southampton,77,1.99,66,1.06
D,414,Valery,4.0,4.0,Southampton,0,0.00,0,0.00
M,415,Smallbone,4.5,4.5,Southampton,0,0.00,0,0.00
M,416,Diallo,4.3,4.3,Southampton,50,1.63,27,0.96
D,417,Perraud,4.4,4.4,Southampton,78,2.50,74,1.31
M,418,Djenepo,5.0,5.0,Southampton,20,0.93,24,1.01
D,419,Livramento,4.4,4.4,Southampton,0,0.00,0,0.00
D,420,Salisu,4.4,4.4,Southampton,86,2.25,82,1.26
G,421,Lis,4.0,4.0,Southampton,0,0.00,0,0.00
G,422,Bazunu,4.5,4.5,Southampton,87,3.24,87,3.07
D,423,Bella-Kotchap,4.5,4.5,Southampton,6,0.19,28,0.51
G,424,Caballero,3.9,3.9,Southampton,0,0.01,0,0.00
G,425,Lloris,5.5,5.5,Spurs,87,3.27,88,3.82
G,426,Forster,3.9,3.9,Spurs,3,0.10,2,0.10
F,427,Kane,11.6,11.6,Spurs,86,5.30,69,5.36
M,428,Son,11.7,11.7,Spurs,48,2.70,64,4.87
D,429,Doherty,4.6,4.6,Spurs,61,2.16,52,2.82
D,430,Dier,5.3,5.3,Spurs,84,2.29,81,3.45
M,431,Lucas Moura,5.8,5.8,Spurs,49,2.47,30,2.03
D,432,Davies,4.9,4.9,Spurs,54,1.49,40,1.78
M,433,Højbjerg,5.5,5.5,Spurs,83,2.58,81,2.99
M,434,Winks,4.4,4.4,Spurs,0,0.00,0,0.00
D,435,Sánchez,4.4,4.4,Spurs,23,0.76,20,0.91
D,436,R.Sessegnon,4.5,4.5,Spurs,58,2.32,53,3.12
M,437,Bergwijn,5.5,5.5,Spurs,0,0.00,0,0.00
D,438,Reguilón,4.2,4.2,Spurs,0,0.00,0,0.00
D,439,Tanganga,3.9,3.9,Spurs,2,0.07,3,0.11
M,440,Bentancur,5.4,5.4,Spurs,80,2.40,61,2.21
M,441,Skipp,4.4,4.4,Spurs,19,0.73,30,1.19
D,442,Rodon,4.0,4.0,Spurs,0,0.00,0,0.00
D,443,Romero,4.9,4.9,Spurs,52,1.34,82,3.35
M,444,Bissouma,4.7,4.7,Spurs,42,1.40,48,1.76
D,445,Emerson Royal,4.9,4.9,Spurs,25,0.91,27,1.43
M,446,Kulusevski,8.0,8.0,Spurs,2,0.13,14,0.89
F,447,Scarlett,4.5,4.5,Spurs,0,0.00,0,0.00
D,448,Perišić,5.5,5.5,Spurs,54,2.49,48,3.22
M,449,White,4.4,4.4,Spurs,0,0.01,1,0.04
M,450,Sarr,4.3,4.3,Spurs,1,0.05,6,0.30
G,451,Austin,3.9,3.9,Spurs,0,0.00,0,0.00
M,452,Devine,4.3,4.3,Spurs,1,0.02,1,0.06
F,453,Parrott,4.5,4.5,Spurs,0,0.00,0,0.00
F,454,Richarlison,8.4,8.4,Spurs,3,0.19,23,1.44
G,455,Fabianski,5.0,5.0,West Ham,70,3.12,87,3.79
D,456,Ogbonna,4.4,4.4,West Ham,0,0.02,1,0.06
D,457,Cresswell,4.8,4.8,West Ham,72,3.55,72,3.44
F,458,Antonio,7.0,7.0,West Ham,28,1.71,31,1.85
D,459,Dawson,4.8,4.8,West Ham,60,2.56,51,2.10
M,460,Lanzini,5.1,5.1,West Ham,10,0.63,8,0.52
D,461,Zouma,4.5,4.5,West Ham,85,3.60,83,3.38
D,462,Masuaku,4.5,4.5,West Ham,0,0.00,0,0.00
D,463,Coufal,4.2,4.2,West Ham,19,0.85,27,1.20
M,464,Benrahma,5.6,5.6,West Ham,58,3.30,48,2.77
M,465,Bowen,8.1,8.1,West Ham,82,4.63,79,4.43
M,466,Vlasic,5.0,5.0,West Ham,0,0.00,0,0.00
M,467,Rice,4.8,4.8,West Ham,86,2.94,81,2.79
M,468,Soucek,5.2,5.2,West Ham,87,3.52,84,3.47
M,469,Fornals,5.1,5.1,West Ham,36,1.74,32,1.57
D,470,Diop,4.3,4.3,Fulham,63,0.93,59,1.36
D,471,Johnson,4.4,4.4,West Ham,19,0.85,23,1.01
D,472,Aguerd,4.8,4.8,West Ham,14,0.60,30,1.32
G,473,Areola,4.3,4.3,West Ham,19,0.84,3,0.11
D,474,Boly,4.2,4.2,Nott'm Forest,9,0.31,21,0.74
D,475,Coady,5.0,5.0,Everton,79,2.72,77,2.54
F,476,Jiménez,6.8,6.8,Wolves,0,0.00,11,0.56
D,477,Jonny,4.4,4.4,Wolves,48,1.67,48,1.33
G,478,Sá,5.1,5.1,Wolves,89,3.52,88,3.26
M,479,Dendoncker,4.7,4.7,Aston Villa,60,1.86,53,1.65
M,480,Neves,5.5,5.5,Wolves,86,3.02,82,2.63
M,481,Hwang,5.7,5.7,Wolves,69,3.50,60,2.83
D,482,Semedo,5.0,5.0,Wolves,67,2.16,67,1.68
M,483,Podence,5.3,5.3,Wolves,81,3.29,77,2.91
D,484,Kilman,4.5,4.5,Wolves,85,2.54,83,1.90
M,485,Cundle,4.4,4.4,Wolves,0,0.00,0,0.00
M,486,Neto,5.0,5.0,Wolves,0,0.00,0,0.00
D,487,Aït-Nouri,4.3,4.3,Wolves,17,0.56,19,0.52
F,488,Fabio Silva,5.5,5.5,Wolves,0,0.00,0,0.00
D,489,Toti,3.9,3.9,Wolves,2,0.05,9,0.21
M,490,Chiquinho,5.0,5.0,Wolves,0,0.00,0,0.00
M,491,Adama,5.5,5.5,Wolves,73,3.04,71,2.74
G,492,Šarkić,3.9,3.9,Wolves,1,0.04,2,0.06
M,493,Gibbs-White,5.5,5.5,Nott'm Forest,75,3.46,74,3.22
D,494,Mosquera,3.9,3.9,Wolves,7,0.23,6,0.17
G,495,Matthews,4.0,4.0,Crystal Palace,0,0.00,0,0.00
F,496,Plange,4.5,4.5,Crystal Palace,0,0.00,0,0.00
G,497,Adrián,3.9,3.9,Liverpool,0,0.00,0,0.00
D,498,R.Williams,4.0,4.0,Liverpool,0,0.00,0,0.00
D,499,Davies,4.0,4.0,Liverpool,0,0.00,0,0.00
D,500,Van den Berg,4.0,4.0,Liverpool,0,0.00,0,0.00
D,501,Phillips,3.9,3.9,Liverpool,1,0.05,2,0.09
G,502,Carson,3.9,3.9,Man City,0,0.00,0,0.00
M,503,Moutinho,4.7,4.7,Wolves,78,2.53,77,2.35
D,504,Malacia,4.3,4.3,Man Utd,15,0.60,17,0.71
M,505,Rothwell,4.9,4.9,Bournemouth,5,0.23,9,0.45
M,506,Adams,4.9,4.9,Leeds,86,2.54,82,2.04
D,507,Niakhaté,4.3,4.3,Nott'm Forest,0,0.00,0,0.00
M,508,Sinisterra,6.5,6.5,Leeds,52,3.31,69,2.99
M,509,Downes,4.3,4.3,West Ham,41,1.58,36,1.41
D,510,Hickey,4.9,4.9,Brentford,0,0.00,0,0.00
D,511,Richards,4.4,4.4,Nott'm Forest,0,0.00,0,0.00
M,512,Aribo,5.3,5.3,Southampton,59,2.29,57,1.98
D,513,Lenglet,4.8,4.8,Spurs,57,1.56,49,2.06
M,514,C.Doucouré,5.0,5.0,Crystal Palace,55,1.57,67,2.13
M,515,Lewis-Potter,5.2,5.2,Brentford,40,2.12,27,1.06
D,516,Collins,4.5,4.5,Wolves,84,2.60,82,2.01
G,517,Strakosha,4.3,4.3,Brentford,0,0.00,0,0.00
G,518,Hennessey,3.9,3.9,Nott'm Forest,2,0.07,2,0.08
M,519,Eriksen,6.3,6.3,Man Utd,80,3.70,69,3.38
D,520,Koulibaly,5.5,5.5,Chelsea,50,1.66,74,2.37
M,521,Francois,4.4,4.4,Fulham,0,0.00,0,0.00
D,522,Spence,4.1,4.1,Spurs,2,0.08,5,0.25
D,523,Toffolo,4.4,4.4,Nott'm Forest,0,0.00,2,0.07
M,524,O'Brien,4.9,4.9,Nott'm Forest,11,0.43,14,0.55
D,525,Augustinsson,4.3,4.3,Aston Villa,3,0.09,8,0.26
D,526,Mee,4.6,4.6,Brentford,88,3.35,85,1.24
M,527,Lingard,5.5,5.5,Nott'm Forest,47,2.49,45,2.29
F,528,Mara,5.3,5.3,Southampton,12,0.70,15,0.77
F,529,Scamacca,6.7,6.7,West Ham,71,4.02,67,3.88
D,530,Richards,4.4,4.4,Crystal Palace,0,0.00,1,0.03
D,531,Vinagre,4.3,4.3,Everton,9,0.32,13,0.49
D,532,Mbabu,4.4,4.4,Fulham,24,0.63,14,0.49
D,533,Martínez,4.5,4.5,Man Utd,85,3.15,82,3.10
M,534,McNeil,5.2,5.2,Everton,39,1.82,43,1.95
M,535,Tavernier,4.9,4.9,Bournemouth,77,2.86,74,3.07
M,536,Mangala,4.9,4.9,Nott'm Forest,33,1.33,40,1.50
D,537,Kesler Hayden,4.0,4.0,Aston Villa,0,0.00,0,0.00
D,538,Young,4.4,4.4,Aston Villa,32,1.05,22,0.73
D,539,Hill,4.4,4.4,Bournemouth,2,0.06,4,0.16
D,540,Stevens,4.0,4.0,Brentford,0,0.00,0,0.00
F,541,Dervişoğlu,4.5,4.5,Brentford,0,0.00,0,0.00
G,542,Scherpen,4.0,4.0,Brighton,0,0.00,0,0.00
D,543,Clarke,4.0,4.0,Brighton,0,0.00,0,0.00
D,544,Van Hecke,4.0,4.0,Brighton,8,0.35,7,0.30
D,545,Emerson,4.0,4.0,West Ham,22,1.08,19,0.93
M,546,Harris,4.4,4.4,Fulham,0,0.00,0,0.01
D,547,Drameh,4.0,4.0,Leeds,2,0.08,4,0.09
G,548,Iversen,3.9,3.9,Leicester,2,0.09,3,0.10
M,549,Praet,4.8,4.8,Leicester,7,0.41,10,0.51
M,550,Amad,4.4,4.4,Man Utd,0,0.00,0,0.00
M,551,Iqbal,4.3,4.3,Man Utd,0,0.01,0,0.00
M,552,Anderson,4.4,4.4,Newcastle,5,0.28,3,0.15
M,553,Hammond,4.4,4.4,Nott'm Forest,0,0.00,0,0.00
M,554,Bryan,5.0,5.0,Spurs,14,0.79,10,0.67
D,555,Ashby,3.9,3.9,West Ham,0,0.01,1,0.02
M,556,Coventry,4.4,4.4,West Ham,1,0.03,2,0.07
G,557,Smith,4.0,4.0,Wolves,0,0.00,0,0.00
D,558,Bueno,3.9,3.9,Wolves,58,1.88,55,1.40
D,559,Colwill,4.4,4.4,Brighton,25,0.99,16,0.66
M,560,Mills,4.4,4.4,Everton,0,0.01,1,0.03
M,561,Warrington,4.4,4.4,Everton,0,0.00,0,0.00
M,562,Solomon,4.9,4.9,Fulham,0,0.00,0,0.00
D,563,Chambers,4.0,4.0,Liverpool,0,0.00,0,0.01
M,564,Bajcetic,4.4,4.4,Liverpool,0,0.01,0,0.00
M,565,Gray,4.5,4.5,Leeds,0,0.00,0,0.00
M,566,Hodge,4.4,4.4,Wolves,5,0.21,5,0.20
M,567,Ronan,4.4,4.4,Wolves,3,0.13,3,0.12
M,568,Campbell,4.4,4.4,Wolves,6,0.27,6,0.26
M,569,Garnacho,4.3,4.3,Man Utd,7,0.39,1,0.10
M,570,Garner,4.5,4.5,Everton,12,0.52,22,0.87
G,571,Randolph,4.0,4.0,West Ham,0,0.02,0,0.01
M,572,Oko-Flex,4.4,4.4,West Ham,0,0.00,0,0.00
D,573,Lewis,3.9,3.9,Man City,3,0.13,3,0.10
G,574,Neto,4.5,4.5,Bournemouth,0,0.00,0,0.00
M,575,Cornet,5.9,5.9,West Ham,18,1.02,31,1.64
D,576,Senesi,4.5,4.5,Bournemouth,78,1.92,76,2.62
M,577,Onana,4.9,4.9,Everton,73,2.63,54,1.97
G,578,Robles,4.0,4.0,Leeds,0,0.00,0,0.00
M,579,Guedes,5.9,5.9,Wolves,46,2.43,45,2.17
M,580,Damsgaard,5.2,5.2,Brentford,53,2.63,36,1.41
G,581,Smithies,4.0,4.0,Leicester,0,0.00,0,0.00
M,582,Freuler,4.9,4.9,Nott'm Forest,73,2.40,68,2.19
M,583,Kouyaté,4.5,4.5,Nott'm Forest,52,1.80,50,1.70
M,584,Clark,4.5,4.5,Liverpool,0,0.01,0,0.00
F,585,Dennis,5.8,5.8,Nott'm Forest,34,1.77,37,1.80
D,586,Estupiñán,4.5,4.5,Brighton,40,1.99,38,2.00
D,587,Sergio Gómez,4.5,4.5,Man City,12,0.70,11,0.62
D,588,Kehrer,4.5,4.5,West Ham,84,3.34,66,2.51
M,589,Matheus,4.9,4.9,Wolves,50,1.96,63,2.25
G,590,Whitworth,4.0,4.0,Crystal Palace,0,0.00,0,0.00
F,591,Ablade,4.5,4.5,Fulham,0,0.02,1,0.06
G,592,H.Davies,4.0,4.0,Liverpool,0,0.00,0,0.00
M,593,Casemiro,4.9,4.9,Man Utd,78,2.56,71,2.46
F,594,Isak,6.7,6.7,Newcastle,0,0.00,0,0.00
D,595,Zanka,4.0,4.0,Brentford,11,0.42,19,0.45
F,596,Ferguson,4.5,4.5,Brighton,0,0.00,0,0.01
F,597,Saydee,4.5,4.5,Bournemouth,0,0.00,0,0.00
D,598,Bevan,4.0,4.0,Bournemouth,0,0.00,0,0.00
M,599,Gomes,4.5,4.5,Man City,0,0.00,0,0.00
M,600,Knight,4.5,4.5,Man City,1,0.07,2,0.08
M,601,Rodney,4.5,4.5,Crystal Palace,0,0.02,0,0.01
D,602,Renan Lodi,4.3,4.3,Nott'm Forest,68,2.48,63,2.27
M,603,Paquetá,5.9,5.9,West Ham,7,0.41,28,1.59
M,604,Phillips,4.5,4.5,Crystal Palace,0,0.00,0,0.01
D,605,Welch,4.0,4.0,Everton,0,0.00,1,0.02
M,606,Vale,4.5,4.5,Chelsea,0,0.00,0,0.00
M,607,Smith,4.5,4.5,Arsenal,0,0.00,0,0.02
F,608,Kalajdžić,5.3,5.3,Wolves,0,0.00,0,0.00
M,609,Antony,7.6,7.6,Man Utd,31,1.55,76,3.52
D,610,Akanji,5.0,5.0,Man City,54,2.77,51,2.65
M,611,Gueye,5.0,5.0,Everton,76,2.56,73,2.44
D,612,Faes,4.5,4.5,Leicester,83,2.62,79,2.17
D,613,Kurzawa,4.3,4.3,Fulham,0,0.00,2,0.07
M,614,Willian,5.5,5.5,Fulham,65,2.37,60,2.88
G,615,Kovár,4.0,4.0,Man Utd,0,0.00,0,0.00
M,616,Zakaria,5.0,5.0,Chelsea,4,0.14,7,0.27
F,617,Aubameyang,8.8,8.8,Chelsea,66,3.55,64,3.32
F,618,Vinícius,5.5,5.5,Fulham,13,0.58,22,1.17
F,619,Gnonto,5.0,5.0,Leeds,8,0.53,8,0.43
M,620,Arthur,4.8,4.8,Liverpool,1,0.03,6,0.29
D,621,Badé,4.5,4.5,Nott'm Forest,2,0.09,6,0.22
D,622,Larios,4.0,4.0,Southampton,16,0.54,19,0.45
D,623,Caleta-Car,4.5,4.5,Southampton,83,2.19,65,1.05
M,624,Edozie,4.8,4.8,Southampton,11,0.57,10,0.51
F,625,Diego Costa,5.5,5.5,Wolves,0,0.00,0,0.00
G,626,Karius,4.0,4.0,Newcastle,1,0.04,1,0.05
G,627,Jakupović,4.0,4.0,Everton,0,0.00,0,0.01
D,628,Aurier,4.5,4.5,Nott'm Forest,60,2.44,58,2.30
M,629,Traoré,4.5,4.5,Wolves,32,1.21,28,1.03
M,630,Nwaneri,4.5,4.5,Arsenal,0,0.01,0,0.02
D,631,Sousa,4.0,4.0,Arsenal,0,0.00,1,0.02
M,632,Trevitt,4.5,4.5,Brentford,0,0.01,0,0.00
G,633,Cox,4.0,4.0,Brentford,2,0.07,1,0.05
F,634,Gordon,4.5,4.5,Crystal Palace,0,0.01,0,0.01
G,635,Bettinelli,4.0,4.0,Chelsea,0,0.01,0,0.00
D,636,Parkes,4.0,4.0,Fulham,1,0.02,1,0.01
D,637,John,4.0,4.0,Everton,0,0.00,0,0.01
D,638,Bogarde,4.0,4.0,Aston Villa,0,0.01,0,0.00
M,639,Braybrooke,4.5,4.5,Leicester,0,0.00,0,0.00
D,640,Turns,4.0,4.0,Brighton,0,0.01,0,0.01
M,641,Godo,4.5,4.5,Fulham,0,0.00,1,0.04
D,642,Balmer,4.0,4.0,Crystal Palace,0,0.01,1,0.02
M,643,Mainoo,4.5,4.5,Man Utd,0,0.02,0,0.01
G,644,Goodman,4.0,4.0,Crystal Palace,0,0.00,0,0.00
D,645,Wormleighton,4.0,4.0,Leicester,0,0.00,0,0.00
D,646,Crama,4.0,4.0,Brentford,1,0.03,2,0.04
M,647,Payne,4.5,4.5,Southampton,1,0.03,1,0.02
M,648,Finnigan,4.5,4.5,Southampton,0,0.02,0,0.02
G,649,Plain,4.0,4.0,Bournemouth,0,0.00,0,0.01
M,650,Yarmolyuk,4.5,4.5,Brentford,0,0.01,0,0.01
M,651,Moran,4.5,4.5,Brighton,0,0.01,1,0.04
D,652,Furlong,4.0,4.0,Brighton,0,0.01,0,0.01
M,653,Hutchinson,4.5,4.5,Chelsea,0,0.00,1,0.03
M,654,Wells-Morrison,4.5,4.5,Crystal Palace,0,0.01,0,0.00
G,655,Hein,4.0,4.0,Arsenal,0,0.00,0,0.00
G,656,Bishop,4.0,4.0,Man Utd,0,0.00,0,0.00
G,10104,Mark Gillespie,99.9,99.9,Newcastle,0,0.00,0,0.01
G,10150,Andy Lonergan,99.9,99.9,Everton,0,0.00,0,0.00
F,10232,Léo Bonatini,99.9,99.9,Wolves,4,0.22,5,0.24
D,10241,Benjamin Mendy,99.9,99.9,Man City,0,0.00,0,0.00
D,10260,Axel Tuanzebe,99.9,99.9,Man Utd,2,0.09,1,0.06
F,10263,Mason Greenwood,99.9,99.9,Man Utd,0,0.00,0,0.00
G,10264,Jed Steer,99.9,99.9,Aston Villa,0,0.01,0,0.01
G,10275,Jordan Smith,99.9,99.9,Nott'm Forest,0,0.00,0,0.00
G,10347,Adnan Kanuric,99.9,99.9,Nott'm Forest,0,0.00,0,0.00