Pos,ID,Name,BV,SV,Team,29_xMins,29_Pts,30_xMins,30_Pts,31_xMins,31_Pts,32_xMins,32_Pts,33_xMins,33_Pts
D,1,Cédric,4.2,4.2,Fulham,22,0.96,23,0.96,20,0.78,21,0.48,22,0.76
G,2,Leno,4.5,4.5,Fulham,84,3.94,86,3.63,84,3.46,83,2,85,3.28
M,3,Xhaka,4.9,4.9,Arsenal,69,2.69,67,2.09,65,2.19,64,1.65,64,1.82
M,4,Elneny,4.1,4.1,Arsenal,0,0,0,0,0,0,0,0,0,0
D,5,Holding,4.2,4.2,Arsenal,5,0.23,5,0.14,4,0.13,5,0.13,5,0.12
M,6,Partey,4.7,4.7,Arsenal,70,2.67,68,2.12,67,2.27,65,1.64,67,1.92
M,7,Ødegaard,7,7,Arsenal,77,4.68,77,3.48,77,3.79,73,2.84,74,2.88
D,8,Tierney,4.6,4.6,Arsenal,18,0.96,18,0.64,18,0.8,22,0.81,18,0.57
M,9,Pépé,5.3,5.3,Arsenal,0,0,0,0,0,0,0,0,0,0
D,10,White,4.7,4.7,Arsenal,68,3.54,68,2.2,67,3.06,65,2.35,67,1.74
F,11,Nketiah,6.8,6.8,Arsenal,31,2.05,28,1.46,29,1.64,32,1.39,29,1.36
M,12,Smith Rowe,5.6,5.6,Arsenal,15,0.96,18,0.94,22,1.26,23,0.94,25,1.2
M,13,Saka,8.4,8.2,Arsenal,75,5.42,74,3.92,76,4.46,70,3.33,71,3.18
D,14,Tomiyasu,4.2,4.2,Arsenal,36,1.84,37,1.21,37,1.63,40,1.38,41,1.08
G,15,Ramsdale,4.9,4.9,Arsenal,87,4,87,3.29,86,3.81,85,2.66,85,3.11
D,16,Gabriel,5.2,5.1,Arsenal,78,3.98,77,2.41,78,3.44,76,2.77,77,1.89
D,17,Tavares,4.5,4.5,Arsenal,0,0,0,0,0,0,0,0,0,0
M,18,Sambi,4.3,4.3,Crystal Palace,36,1.25,38,1.22,39,1.29,40,1.38,39,1.25
M,19,Martinelli,6.5,6.5,Arsenal,55,3.56,56,2.73,53,2.9,53,2.27,53,2.28
D,20,Pablo Marí,4.5,4.5,Arsenal,0,0,0,0,0,0,0,0,0,0
M,21,Maitland-Niles,4.8,4.8,Southampton,29,1.49,29,0.95,27,0.99,0,0,29,1.07
M,22,Torreira,4.5,4.5,Arsenal,0,0,0,0,0,0,0,0,0,0
M,23,Nelson,4.7,4.7,Arsenal,4,0.24,4,0.26,4,0.27,5,0.24,6,0.29
G,24,Turner,3.8,3.8,Arsenal,3,0.14,3,0.12,4,0.13,5,0.13,5,0.15
M,25,Fábio Vieira,5.6,5.6,Arsenal,11,0.69,11,0.52,10,0.49,13,0.48,12,0.51
D,26,Saliba,5.3,5.3,Arsenal,78,3.63,79,2.24,77,3.13,76,2.44,76,1.71
M,27,Marquinhos,4.6,4.6,Arsenal,0,0,0,0,0,0,0,0,0,0
F,28,Jesus,7.9,7.9,Arsenal,65,4.2,69,3.36,67,3.51,68,2.79,71,2.96
M,29,Coutinho,6.6,6.6,Aston Villa,44,3.19,46,2.8,47,2.44,48,2.42,46,2.71
F,30,Ings,6.4,6.4,West Ham,24,2.6,24,1.4,23,1.28,26,1.59,25,1.44
G,31,Martínez,4.9,4.9,Aston Villa,86,4.81,86,3.9,86,3.45,87,3.27,86,3.58
D,32,Chambers,4.2,4.2,Aston Villa,6,0.23,7,0.3,8,0.22,9,0.26,9,0.33
D,33,Digne,4.6,4.6,Aston Villa,40,2.13,38,2.06,38,1.55,37,1.43,39,1.85
M,34,Traoré,4.9,4.9,Aston Villa,0,0,0,0,0,0,0,0,0,0
G,35,Olsen,3.9,3.9,Aston Villa,3,0.17,4,0.14,4,0.12,3,0.12,3,0.13
M,36,Sanson,4.3,4.3,Aston Villa,0,0,0,0,0,0,0,0,0,0
M,37,McGinn,5.1,5.1,Aston Villa,63,3.16,62,2.58,64,2.26,62,2.14,62,2.48
D,38,Hause,4.4,4.4,Aston Villa,0,0,0,0,0,0,0,0,0,0
D,39,Mings,4.3,4.3,Aston Villa,75,2.63,71,3.01,70,2.13,70,1.88,72,2.45
F,40,Watkins,7.1,7.1,Aston Villa,80,5.27,81,4.64,80,3.83,77,3.55,77,4.37
M,41,Nakamba,4.3,4.3,Aston Villa,0,0,0,0,0,0,0,0,0,0
M,42,Buendía,5.7,5.7,Aston Villa,60,4,60,3.5,59,2.88,59,2.74,61,3.39
D,43,Cash,4.6,4.6,Aston Villa,28,1.25,30,1.41,32,1.17,32,1.03,32,1.29
D,44,Konsa,4.4,4.4,Aston Villa,47,1.8,50,2.14,50,1.57,47,1.33,48,1.75
M,45,Bailey,4.4,4.4,Aston Villa,59,4.18,57,3.6,56,2.89,57,2.85,56,3.38
M,46,Douglas Luiz,4.8,4.8,Aston Villa,69,3.25,67,2.65,66,2.21,66,2.16,65,2.4
M,47,Ramsey,5.2,5.2,Aston Villa,45,2.83,44,2.32,44,1.97,47,2.02,46,2.32
M,48,Chukwuemeka,4.3,4.3,Chelsea,3,0.3,2,0.08,3,0.16,4,0.09,2,0.16
M,49,Iroegbunam,4.5,4.5,Aston Villa,0,0,0,0,0,0,0,0,0,0
D,50,Diego Carlos,4.7,4.7,Aston Villa,58,2.22,58,2.55,57,1.81,60,1.73,58,2.11
M,51,El Ghazi,4.8,4.8,Aston Villa,0,0,0,0,0,0,0,0,0,0
F,52,Davis,5.4,5.4,Aston Villa,0,0,0,0,0,0,0,0,0,0
M,53,Kamara,4.8,4.8,Aston Villa,73,2.81,73,2.23,71,1.96,71,1.9,71,2.06
F,54,Archer,4.2,4.2,Aston Villa,0,0,0,0,0,0,0,0,0,0
M,55,Philogene-Bidace,4.5,4.5,Aston Villa,0,0,0,0,0,0,0,0,0,0
D,56,Guilbert,3.9,3.9,Aston Villa,0,0,0,0,0,0,0,0,0,0
D,57,Smith,4.3,4.3,Bournemouth,62,2.44,64,1.73,64,1.42,61,2.04,64,1.87
M,58,Stanislas,4.8,4.8,Bournemouth,6,0.53,6,0.48,7,0.45,8,0.56,9,0.52
D,59,Fredericks,4.4,4.4,Bournemouth,24,1.17,24,0.89,24,0.76,26,1.01,27,0.96
M,60,Brooks,5.3,5.3,Bournemouth,1,0.03,1,0.1,2,0.09,2,0.17,2,0.16
M,61,Lowe,5.2,5.2,Bournemouth,0,0,0,0,0,0,0,0,0,0
F,62,Moore,5.1,5.1,Bournemouth,5,0.38,7,0.36,8,0.43,7,0.41,9,0.48
M,63,Marcondes,4.7,4.7,Bournemouth,0,0,0,0,0,0,0,0,0,0
M,64,Lerma,4.8,4.8,Bournemouth,74,2.78,73,2.18,75,2.13,72,2.12,74,2.08
D,65,Stacey,4.3,4.3,Bournemouth,12,0.52,14,0.44,13,0.39,13,0.49,14,0.49
F,66,Solanke,5.5,5.5,Bournemouth,77,5.08,76,3.92,75,3.43,77,3.82,75,3.44
M,67,Cook,4.9,4.9,Bournemouth,63,2.53,62,2,60,1.84,59,1.86,62,1.85
M,68,Pearson,4.4,4.4,Bournemouth,0,0,0,0,0,0,0,0,0,0
M,69,Christie,5.3,5.3,Bournemouth,17,1.09,16,0.87,18,0.86,18,0.88,17,0.83
M,70,Billing,5.1,5.1,Bournemouth,64,3.5,63,2.72,61,2.44,62,2.62,65,2.53
D,71,Mepham,4.4,4.4,Bournemouth,14,0.52,13,0.37,14,0.32,17,0.52,30,0.87
G,72,Travers,4.2,4.2,Bournemouth,3,0.14,5,0.16,4,0.16,5,0.2,5,0.19
D,73,Kelly,4.3,4.3,Bournemouth,73,2.85,73,1.93,71,1.51,70,2.27,75,2.13
M,74,Dembélé,4.7,4.7,Bournemouth,0,0,0,0,0,0,0,0,0,0
M,75,Anthony,5.2,5.2,Bournemouth,31,2.14,34,1.79,34,1.63,32,1.68,34,1.59
D,76,Zemura,4.3,4.3,Bournemouth,43,1.82,42,1.25,42,1.04,42,1.48,47,1.46
G,77,Dennis,3.9,3.9,Bournemouth,0,0,0,0,0,0,0,0,0,0
D,78,Jansson,4.2,4.2,Brentford,44,1.98,43,1.5,45,1.5,49,1.92,46,1.19
M,79,Nørgaard,5.3,5.3,Brentford,75,3.9,75,2.44,74,2.37,72,2.59,74,2.17
F,80,Toney,7.7,7.7,Brentford,57,4.44,52,2.6,52,2.57,33,1.89,36,1.53
G,81,Raya,4.7,4.7,Brentford,85,5.46,85,3.52,85,3.46,84,3.62,84,3.15
D,82,Canós,5,5,Brentford,0,0,0,0,0,0,0,0,0,0
M,83,Dasilva,4.1,4.1,Brentford,41,3.05,42,1.94,41,1.91,43,2.19,44,1.85
D,84,Ajer,4.5,4.5,Brentford,48,2.3,48,1.77,48,1.67,49,2.02,48,1.34
D,85,Henry,4.5,4.5,Brentford,74,3.41,73,2.53,69,2.38,68,2.73,69,1.83
M,86,Janelt,5.5,5.5,Brentford,50,2.96,48,1.81,48,1.75,48,1.95,48,1.66
M,87,Ghoddos,4.8,4.8,Brentford,3,0.26,4,0.25,4,0.19,5,0.32,5,0.23
M,88,Jensen,4.8,4.8,Brentford,65,4.03,64,2.52,61,2.41,61,2.68,61,2.18
M,89,Wissa,5.3,5.3,Brentford,41,3.59,40,2.29,45,2.43,47,3.01,46,2.19
D,90,Roerslev,4.3,4.3,Brentford,15,0.72,17,0.63,17,0.61,20,0.8,19,0.57
D,91,Bech,4.5,4.5,Brentford,0,0,0,0,0,0,0,0,0,0
D,92,Pinnock,4.4,4.4,Brentford,75,3.56,73,2.65,74,2.59,71,2.96,73,1.96
M,93,Onyeka,4.8,4.8,Brentford,17,1.28,21,0.91,24,1.01,21,1,23,0.92
M,94,Baptiste,4.5,4.5,Brentford,15,1.15,15,0.72,17,0.75,20,0.95,17,0.72
F,95,Mbeumo,5.8,5.8,Brentford,59,4.48,60,2.98,57,2.8,60,3.38,57,2.5
D,96,Goode,3.9,3.9,Brentford,0,0,0,0,0,0,0,0,0,0
F,97,Forss,4.5,4.5,Brentford,0,0,0,0,0,0,0,0,0,0
D,98,Thompson,4,4,Brentford,0,0,0,0,0,0,0,0,0,0
M,99,Bidstrup,4.5,4.5,Brentford,0,0,0,0,0,0,0,0,0,0
G,100,Balcombe,4,4,Brentford,0,0,0,0,0,0,0,0,0,0
M,101,Lallana,4.9,4.9,Brighton,0,0,0,0,0,0,6,0.07,13,0.69
G,102,Steele,3.9,3.9,Brighton,4,0.25,4,0.15,5,0.18,3,0.03,4,0.18
F,103,Welbeck,6.5,6.5,Brighton,46,5.09,45,2.76,45,2.6,45,0.62,45,2.49
M,104,Groß,5.5,5.5,Brighton,74,6.78,74,3.65,74,3.52,74,0.82,72,3.43
D,105,Duffy,4.3,4.3,Fulham,5,0.22,4,0.13,5,0.2,5,0.1,5,0.14
D,106,Dunk,4.7,4.7,Brighton,82,6.58,81,3.13,81,3.06,80,0.68,80,3.57
M,107,March,5.1,5.1,Brighton,75,6.91,74,3.73,73,3.53,71,0.81,70,3.31
D,108,Webster,4.5,4.5,Brighton,48,3.85,48,1.87,68,2.63,50,0.43,47,2.1
D,109,Veltman,4.6,4.6,Brighton,50,4.17,50,2.02,53,2.12,50,0.45,49,2.28
F,110,Maupay,5.9,5.9,Everton,26,1.27,24,1.06,26,1.39,28,1.31,28,1.33
M,111,Trossard,6.6,6.6,Arsenal,37,2.54,33,1.81,34,2,35,1.56,33,1.53
D,112,Cucurella,5.1,5.1,Chelsea,23,1.7,22,0.99,22,0.98,24,0.38,24,1.2
G,113,Sánchez,4.6,4.6,Brighton,86,7.15,86,4,85,3.96,87,0.93,86,3.82
D,114,Lamptey,4.2,4.2,Brighton,27,2.52,30,1.36,30,1.34,29,0.29,27,1.36
M,115,Alzate,4.4,4.4,Brighton,0,0,0,0,0,0,0,0,0,0
M,116,Mac Allister,5.4,5.4,Brighton,76,7.69,75,4.08,74,3.78,73,0.89,74,3.78
M,117,Moder,4.4,4.4,Brighton,2,0.16,5,0.3,10,0.52,12,0.15,12,0.56
M,118,Mwepu,5.3,5.3,Brighton,0,0,0,0,0,0,0,0,0,0
M,119,Sarmiento,4.5,4.5,Brighton,21,2.39,20,1.29,22,1.28,21,0.3,20,1.17
M,120,Caicedo,5,5,Brighton,76,4.6,75,2.56,73,2.44,73,0.57,72,2.3
M,121,Richards,4.5,4.5,Brighton,0,0,0,0,0,0,0,0,0,0
D,122,Roberts,4,4,Brighton,0,0,0,0,0,0,0,0,0,0
F,123,Undav,5.1,5.1,Brighton,36,4.45,34,2.33,36,2.31,33,0.52,34,2.16
M,124,Mitoma,5.4,5.4,Brighton,73,8.17,74,4.39,74,4.16,72,0.96,71,4.12
F,125,Enciso,4.7,4.7,Brighton,19,1.84,19,1.07,20,1.12,20,0.26,17,0.85
M,126,Kozłowski,4.5,4.5,Brighton,0,0,0,0,0,0,0,0,0,0
D,127,Azpilicueta,4.8,4.8,Chelsea,16,1.05,18,0.77,19,0.76,19,0.29,17,0.8
D,128,Thiago Silva,5.5,5.5,Chelsea,63,4.05,64,2.47,59,2.2,60,0.77,62,2.74
D,129,Alonso,5.3,5.3,Chelsea,0,0,0,0,0,0,0,0,0,0
M,130,Jorginho,5.8,5.8,Arsenal,30,1.29,33,1.2,33,1.26,36,1,34,1.15
M,131,Barkley,4.9,4.9,Chelsea,0,0,0,0,0,0,0,0,0,0
M,132,Kovacic,4.9,4.9,Chelsea,48,2.8,48,1.66,46,1.6,44,0.64,46,1.7
G,133,Arrizabalaga,4.7,4.6,Chelsea,84,5.9,84,3.63,83,3.57,84,1.44,83,3.73
M,134,Kanté,4.8,4.8,Chelsea,32,1.94,32,1.18,33,1.19,33,0.5,32,1.21
M,135,Ziyech,5.5,5.5,Chelsea,15,1.58,16,0.92,15,0.89,17,0.42,19,1.21
M,136,Loftus-Cheek,5,5,Chelsea,21,1.58,23,1.05,22,0.96,19,0.37,22,1.02
F,137,Werner,7.9,7.9,Chelsea,0,0,0,0,0,0,0,0,0,0
D,138,Kenedy,3.9,3.9,Chelsea,0,0,0,0,0,0,0,0,0,0
D,139,Chilwell,5.8,5.8,Chelsea,58,4.32,59,2.59,60,2.58,56,0.82,57,2.85
M,140,Pulisic,5.7,5.7,Chelsea,15,1.51,16,0.91,14,0.86,17,0.39,14,0.92
D,141,Chalobah,4.5,4.5,Chelsea,22,1.46,20,0.8,25,0.95,26,0.35,25,1.1
M,142,Mount,7.3,7.3,Chelsea,40,4.03,38,2.23,41,2.4,38,0.84,42,2.65
D,143,Sarr,5,5,Chelsea,0,0,0,0,0,0,0,0,0,0
M,144,Hudson-Odoi,5.3,5.3,Chelsea,0,0,0,0,0,0,0,0,0,0
F,145,Havertz,7.7,7.7,Chelsea,53,5.11,50,2.73,51,2.87,56,1.2,52,3.24
D,146,James,5.8,5.8,Chelsea,65,5.55,64,3.22,64,3.11,63,1.05,62,3.55
G,147,Mendy,4.8,4.8,Chelsea,6,0.32,6,0.21,7,0.25,6,0.1,7,0.26
M,148,Gallagher,5.7,5.7,Chelsea,21,1.59,17,0.78,20,0.9,20,0.36,20,0.95
M,149,Gilmour,4.2,4.2,Brighton,25,2.05,25,1.21,25,1.16,23,0.25,24,1
F,150,Broja,5.3,5.3,Chelsea,0,0,0,0,0,0,0,0,0,0
D,151,Ampadu,4.4,4.4,Chelsea,0,0,0,0,0,0,0,0,0,0
G,152,Guaita,4.4,4.4,Crystal Palace,86,3.59,86,3.25,85,3.46,87,3.9,87,3.37
D,153,Tomkins,3.9,3.9,Crystal Palace,3,0.11,4,0.13,3,0.07,4,0.16,5,0.17
M,154,McArthur,4.8,4.8,Crystal Palace,7,0.33,8,0.3,7,0.31,9,0.37,9,0.34
F,155,Benteke,5.5,5.5,Crystal Palace,0,0,0,0,0,0,0,0,0,0
D,156,Ward,4.4,4.4,Crystal Palace,37,1.29,36,1,37,1.21,34,1.41,34,1.02
D,157,Clyne,4.5,4.5,Crystal Palace,61,2.3,64,1.9,64,2.25,63,2.68,63,2
M,158,Milivojevic,4.2,4.2,Crystal Palace,10,0.43,10,0.45,10,0.42,12,0.52,10,0.44
M,159,J.Ayew,5.3,5.3,Crystal Palace,57,2.69,57,2.31,58,2.42,57,2.62,58,2.36
M,160,Zaha,7.2,7.2,Crystal Palace,79,4.26,79,3.55,76,3.51,78,4.12,77,3.34
M,161,Schlupp,4.7,4.7,Crystal Palace,55,2.22,54,1.92,55,2,54,2.13,53,1.9
G,162,Butland,4.4,4.4,Man Utd,3,0.18,3,0.14,4,0.13,4,0.06,4,0.15
M,163,Hughes,4.8,4.8,Crystal Palace,40,1.59,41,1.52,41,1.56,41,1.62,40,1.45
M,164,Riedewald,4.3,4.3,Crystal Palace,3,0.09,3,0.12,3,0.12,4,0.13,4,0.12
D,165,Andersen,4.5,4.5,Crystal Palace,80,2.87,78,2.2,76,2.57,79,3.32,78,2.35
F,166,Edouard,5.1,5.1,Crystal Palace,35,2.04,37,1.8,34,1.7,35,1.9,35,1.71
D,167,Guéhi,4.4,4.4,Crystal Palace,76,2.59,74,2.01,75,2.42,73,2.91,72,2.11
F,168,Mateta,5.1,5.1,Crystal Palace,45,2.57,44,2.11,43,2.07,46,2.39,43,2
M,169,Eze,5.4,5.4,Crystal Palace,39,2.06,35,1.63,40,1.91,37,1.96,39,1.75
D,170,Mitchell,4.4,4.4,Crystal Palace,66,2.55,66,2.02,62,2.21,66,2.92,65,2.15
M,171,Olise,5.4,5.4,Crystal Palace,61,2.98,60,2.46,61,2.6,60,2.87,63,2.54
M,172,Rak-Sakyi,4.5,4.5,Crystal Palace,0,0,0,0,0,0,0,0,0,0
M,173,Ebiowei,4.2,4.2,Crystal Palace,0,0,0,0,0,0,0,0,0,0
D,174,Ferguson,3.9,3.9,Crystal Palace,12,0.4,11,0.33,13,0.45,12,0.45,14,0.44
G,175,Johnstone,4.4,4.4,Crystal Palace,4,0.13,4,0.15,5,0.16,3,0.14,3,0.08
G,176,Begović,4,4,Everton,5,0.2,4,0.15,4,0.17,5,0.17,4,0.16
F,177,Rondón,4.9,4.9,Everton,0,0,0,0,0,0,0,0,0,0
D,178,Coleman,4.4,4.4,Everton,44,1.66,42,1.19,42,1.8,44,1.85,42,1.63
M,179,Townsend,5.4,5.4,Everton,9,0.49,10,0.45,11,0.64,10,0.48,10,0.53
D,180,Keane,4.2,4.2,Everton,0,0,0,0,0,0,1,0,1,0
M,181,Dele,5.3,5.3,Everton,0,0,0,0,0,0,0,0,0,0
G,182,Pickford,4.4,4.4,Everton,85,3.29,85,3.1,86,3.6,85,3.53,85,3.42
M,183,Allan,4.8,4.8,Everton,0,0,0,0,0,0,0,0,0,0
M,184,André Gomes,4.5,4.5,Everton,0,0,0,0,0,0,0,0,0,0
M,185,A.Doucouré,5.3,5.3,Everton,61,2.27,62,1.96,61,2.41,62,2.24,61,2.16
M,186,Iwobi,5.4,5.4,Everton,74,2.74,73,2.39,71,2.85,72,2.64,71,2.6
M,187,Gbamin,4.5,4.5,Everton,0,0,0,0,0,0,0,0,0,0
D,188,Mina,4.3,4.3,Everton,14,0.48,13,0.36,15,0.59,13,0.48,16,0.57
M,189,Gray,5.3,5.3,Everton,45,2.2,46,1.86,44,2.36,46,2.13,48,2.22
M,190,Davies,4.9,4.9,Everton,12,0.53,13,0.5,14,0.65,16,0.67,14,0.62
F,191,Calvert-Lewin,7.9,7.9,Everton,73,3.63,74,3.03,73,4.06,72,3.42,72,3.33
D,192,Holgate,4.3,4.3,Everton,7,0.23,7,0.18,7,0.26,6,0.22,7,0.23
D,193,Godfrey,4.3,4.3,Everton,31,0.99,34,0.82,34,1.26,34,1.23,33,1.08
D,194,Mykolenko,4.3,4.3,Everton,68,2.31,68,1.66,65,2.56,65,2.51,65,2.24
M,195,Gordon,5.1,5.1,Newcastle,43,3.43,41,2.1,42,2.17,41,1.17,39,1.88
D,196,Branthwaite,4,4,Everton,0,0,0,0,0,0,0,0,0,0
D,197,Patterson,3.9,3.9,Everton,42,1.42,45,1.15,46,1.79,44,1.66,44,1.54
D,198,Nkounkou,4,4,Everton,0,0,0,0,0,0,0,0,0,0
D,199,Tarkowski,4.3,4.3,Everton,78,2.36,76,1.64,79,2.89,77,2.72,78,2.44
M,200,Cairney,4.7,4.7,Fulham,20,1.14,20,1.01,18,0.88,22,0.63,23,1.04
D,201,Ream,4.6,4.6,Fulham,81,2.85,80,2.79,80,2.59,81,1.55,80,2.11
M,202,Knockaert,4.7,4.7,Fulham,0,0,0,0,0,0,0,0,0,0
M,203,Chalobah,4.4,4.4,Fulham,0,0,0,0,0,0,0,0,0,0
M,204,Kebano,5.4,5.4,Fulham,0,0,0,0,0,0,0,0,0,0
M,205,De Cordova-Reid,5.5,5.5,Fulham,66,3.17,62,2.67,61,2.47,60,1.58,61,2.37
D,206,Bryan,4.4,4.4,Fulham,0,0,0,0,0,0,0,0,0,0
G,207,Gazzaniga,4,4,Fulham,0,0,0,0,0,0,0,0,0,0
D,208,Kongolo,3.9,3.9,Fulham,0,0,0,0,0,0,0,0,0,0
D,209,Tosin,4.5,4.5,Fulham,20,0.76,27,0.97,29,1,25,0.5,27,0.79
F,210,Mitrović,6.9,6.9,Fulham,77,4.92,77,4.38,75,3.87,75,2.65,76,3.86
M,211,Reed,4.4,4.4,Fulham,63,2.29,62,2.02,61,1.92,58,1.12,60,1.83
M,212,Wilson,5.7,5.7,Fulham,34,2.17,38,2.1,38,1.95,38,1.28,37,1.86
G,213,Rodák,4.3,4.3,Fulham,6,0.22,4,0.13,5,0.2,6,0.14,4,0.15
M,214,Cavaleiro,4.8,4.8,Fulham,0,0,0,0,0,0,0,0,0,0
D,215,Tete,4.4,4.4,Fulham,66,2.67,63,2.5,65,2.37,67,1.49,65,2
M,216,Onomah,4.3,4.3,Fulham,0,0,0,0,0,0,0,0,0,0
D,217,Robinson,4.4,4.4,Fulham,74,2.75,72,2.66,73,2.48,70,1.45,72,2.01
F,218,Muniz,5.4,5.4,Fulham,0,0,0,0,0,0,0,0,0,0
F,219,Stansfield,4.5,4.5,Fulham,0,0,0,0,0,0,0,0,0,0
M,220,Palhinha,4.9,4.9,Fulham,66,2.49,72,2.38,74,2.33,71,1.42,70,2.15
D,221,Cooper,4.4,4.4,Leeds,30,1.33,31,1.31,37,0.92,34,0.56,34,1.18
D,222,Ayling,4.5,4.5,Leeds,73,3.49,73,3.34,71,1.89,73,1.29,70,2.7
M,223,Klich,4.6,4.6,Leeds,0,0,0,0,0,0,0,0,0,0
M,224,Forshaw,4.4,4.4,Leeds,9,0.67,11,0.52,10,0.43,10,0.25,8,0.42
M,225,Rodrigo,6.3,6.3,Leeds,8,0.89,20,1.36,36,2.09,43,1.49,44,3.16
D,226,Dallas,4.9,4.9,Leeds,26,1.41,28,1.42,26,0.84,28,0.58,27,1.15
F,227,Bamford,7.2,7.2,Leeds,59,5.09,56,3.54,57,3.15,52,1.72,52,3.51
D,228,Llorente,4.4,4.4,Leeds,0,0,0,0,0,0,0,0,0,0
M,229,Roberts,5,5,Leeds,0,0,0,0,0,0,0,0,0,0
D,230,Koch,4.5,4.5,Leeds,71,3.16,71,2.96,68,1.66,70,1.12,71,2.5
M,231,James,6,6,Fulham,22,1.39,21,1.17,21,1.06,25,0.79,23,1.18
M,232,Raphinha,7,7,Leeds,0,0,0,0,0,0,0,0,0,0
M,233,Harrison,5.8,5.8,Leeds,47,3.57,48,2.63,46,2.15,44,1.24,43,2.35
M,234,Shackleton,4.5,4.5,Leeds,0,0,0,0,0,0,0,0,0,0
D,235,Struijk,4.5,4.5,Leeds,57,2.95,57,2.67,58,1.62,57,1.06,56,2.26
G,236,Klaesson,3.9,3.9,Leeds,1,0,0,0,0,0,1,0,2,0.04
F,237,Greenwood,4.1,4.1,Leeds,10,0.85,8,0.47,7,0.34,7,0.2,8,0.42
G,238,Meslier,4.5,4.5,Leeds,86,5.46,86,3.76,86,3.14,85,1.85,84,3.42
D,239,Firpo,4.5,4.5,Leeds,9,0.51,9,0.37,7,0.21,7,0.15,9,0.38
M,240,Summerville,4.2,4.2,Leeds,35,2.56,36,1.92,33,1.57,34,0.92,33,1.81
M,241,Bate,4.5,4.5,Leeds,0,0,0,0,0,0,0,0,0,0
F,242,Gelhardt,5.1,5.1,Leeds,0,0,0,0,0,0,0,0,0,0
D,243,Hjelde,3.9,3.9,Leeds,0,0,0,0,0,0,0,0,0,0
D,244,Kristensen,4.8,4.8,Leeds,17,0.96,16,0.7,18,0.56,16,0.33,21,0.89
M,245,Roca,4.8,4.8,Leeds,53,3.21,54,2.26,52,1.9,55,1.17,56,2.26
M,246,Aaronson,5.4,5.4,Leeds,28,1.99,25,1.28,21,0.97,22,0.57,21,1.11
M,247,Gyabi,4.3,4.3,Leeds,0,0,1,0,0,0,0,0,0,0
G,248,Schmeichel,5,5,Leicester,0,0,0,0,0,0,0,0,0,0
D,249,Evans,4.4,4.4,Leicester,56,2.98,55,2.16,53,0.81,54,1.16,53,1.33
D,250,Bertrand,3.9,3.9,Leicester,3,0.12,3,0.08,3,0.05,3,0.05,3,0.07
M,251,Albrighton,4.7,4.7,Leicester,0,0,0,0,0,0,0,0,0,0
M,252,Mendy,4.3,4.3,Leicester,22,1.34,21,0.82,23,0.78,21,0.49,22,0.8
D,253,Vestergaard,3.9,3.9,Leicester,0,0,0,0,1,0,0,0,0,0
G,254,Ward,4,4,Leicester,84,5.68,84,3.6,84,3,83,2.13,83,3.08
F,255,Vardy,9.1,9.1,Leicester,39,3.75,41,2.68,40,1.73,40,1.47,40,2.14
D,256,Ricardo,4.3,4.3,Leicester,15,1,14,0.6,16,0.36,18,0.45,16,0.55
D,257,Amartey,4.1,4.1,Leicester,15,0.83,17,0.65,16,0.3,16,0.34,18,0.51
D,258,Castagne,4.4,4.4,Leicester,76,4.52,76,3.38,76,1.16,73,1.74,73,2.07
M,259,Tielemans,6.1,6.1,Leicester,67,4.25,67,2.91,68,2,65,1.6,67,2.37
M,260,Pérez,4.7,4.7,Leicester,0,0,0,0,0,0,0,0,0,0
M,261,Maddison,8.1,8.1,Leicester,75,6.56,78,4.87,75,2.71,73,2.51,72,3.55
F,262,Iheanacho,6.1,6.1,Leicester,37,3.52,37,2.42,38,1.62,37,1.34,37,2.03
M,263,Choudhury,4.5,4.5,Leicester,0,0,0,0,0,0,0,0,0,0
M,264,Barnes,6.7,6.7,Leicester,72,5.89,68,3.92,68,2.46,69,2.25,66,3.04
M,265,Ndidi,4.8,4.8,Leicester,37,2.05,36,1.27,37,1.03,38,0.79,38,1.17
M,266,Dewsbury-Hall,4.9,4.9,Leicester,65,4.06,67,2.8,63,1.87,64,1.56,65,2.32
D,267,Söyüncü,4.2,4.2,Leicester,2,0.08,2,0.09,2,0.06,3,0.08,4,0.13
D,268,Justin,4.2,4.2,Leicester,0,0,0,0,0,0,0,0,0,0
M,269,Soumaré,4.4,4.4,Leicester,21,1.43,23,0.99,23,0.82,24,0.59,21,0.82
D,270,Thomas,4.1,4.1,Leicester,18,1.09,20,0.88,18,0.42,19,0.45,19,0.58
F,271,Daka,5.6,5.6,Leicester,27,2.69,27,1.82,28,1.27,30,1.13,29,1.66
D,272,W.Fofana,4.3,4.3,Chelsea,56,3.48,52,1.93,52,1.83,53,0.65,53,2.22
D,273,Brunt,3.9,3.9,Leicester,0,0,0,0,0,0,0,0,1,0
M,274,Milner,4.4,4.4,Liverpool,8,0.68,8,0.43,10,0.49,7,0.4,10,0.51
M,275,Henderson,5.3,5.3,Liverpool,50,3.07,52,1.89,51,1.98,51,2.26,54,1.99
D,276,Matip,5.9,5.9,Liverpool,17,0.76,15,0.47,19,0.7,19,0.89,20,0.71
M,277,Thiago,5.1,5.1,Liverpool,60,3.24,62,2.05,61,2.11,60,2.43,60,2.02
M,278,Chamberlain,4.9,4.9,Liverpool,3,0.31,4,0.22,4,0.23,4,0.31,4,0.28
F,279,Firmino,8,8,Liverpool,31,2.74,32,1.74,33,1.92,34,2.28,36,1.97
D,280,Van Dijk,6.5,6.5,Liverpool,80,3.58,78,2.68,77,2.86,78,4.01,78,2.94
G,281,Alisson,5.4,5.4,Liverpool,88,5.78,87,3.51,87,3.54,85,4.12,86,3.58
M,282,Fabinho,5.2,5.2,Liverpool,54,2.69,53,1.6,52,1.63,52,1.86,51,1.6
M,283,Salah,12.6,12.6,Liverpool,79,7.72,77,4.87,75,5.28,75,6.54,75,4.91
D,284,Robertson,6.8,6.8,Liverpool,76,3.9,73,2.81,73,3.1,72,4.31,72,3.08
D,285,Alexander-Arnold,7.3,7.3,Liverpool,77,4.47,75,3.3,75,3.67,76,5.13,76,3.62
D,286,Gomez,4.3,4.3,Liverpool,26,1.1,29,0.89,30,0.98,28,1.29,28,0.96
M,287,Keita,4.7,4.7,Liverpool,16,1.3,15,0.7,18,0.94,18,0.98,18,0.91
F,288,Diogo Jota,8.8,8.8,Liverpool,36,3.14,37,1.99,37,2.16,38,2.59,35,1.93
G,289,Kelleher,4,4,Liverpool,2,0.13,3,0.08,3,0.08,4,0.19,3,0.13
D,290,Konaté,4.8,4.8,Liverpool,66,2.74,67,2.12,63,2.11,64,3.05,63,2.18
M,291,Jones,4.9,4.9,Liverpool,8,0.53,6,0.27,7,0.29,8,0.37,7,0.33
D,292,Tsimikas,4.4,4.4,Liverpool,13,0.87,16,0.7,16,0.75,17,0.97,17,0.74
M,293,Luis Díaz,7.8,7.8,Liverpool,45,3.82,46,2.48,45,2.64,44,3.07,43,2.41
M,294,Elliott,4.9,4.9,Liverpool,17,1.41,20,0.97,18,0.96,18,1.01,18,0.94
D,295,N.Williams,3.9,3.9,Nott'm Forest,30,1.71,29,0.96,33,1.05,31,0.71,33,1.07
M,296,Carvalho,5.1,5.1,Liverpool,2,0.15,2,0.09,2,0.18,2,0.2,2,0.18
F,297,Darwin,8.7,8.7,Liverpool,48,4.6,46,2.84,47,3.18,47,3.63,46,2.9
D,298,Ramsay,3.9,3.9,Liverpool,0,0,0,0,0,0,0,0,0,0
D,299,Walker,4.8,4.8,Man City,44,2.54,45,2.13,46,2.26,46,0.26,41,1.71
M,300,Gündogan,7.3,7.3,Man City,52,3.6,52,2.62,52,2.98,52,0.34,51,2.37
M,301,De Bruyne,12.4,12.4,Man City,67,6.23,67,4.57,66,5.35,65,0.58,63,3.91
D,302,Stones,5.4,5.4,Man City,58,3.41,57,2.82,58,2.99,60,0.34,59,2.48
M,303,Mahrez,7.8,7.8,Man City,58,5.67,58,4.11,57,4.8,54,0.5,55,3.52
M,304,Sterling,9.7,9.7,Chelsea,25,2.71,24,1.44,27,1.65,27,0.66,27,1.84
M,305,Grealish,6.8,6.8,Man City,59,4.61,58,3.4,59,3.93,60,0.45,63,3.28
D,306,Cancelo,7.1,7.1,Man City,0,0,0,0,0,0,0,0,0,0
G,307,Ederson,5.4,5.4,Man City,87,5.11,86,3.98,86,4,86,0.53,85,3.65
D,308,Aké,5.1,5.1,Man City,52,3.07,50,2.47,48,2.5,46,0.26,49,2
D,309,Laporte,5.7,5.7,Man City,50,3,54,2.68,50,2.6,52,0.3,51,2.11
G,310,Steffen,4,4,Man City,0,0,0,0,0,0,0,0,0,0
M,311,Bernardo,6.8,6.8,Man City,57,3.55,58,2.72,57,3.05,59,0.36,56,2.43
D,312,Dias,5.9,5.9,Man City,54,3.29,54,2.69,55,2.91,53,0.31,54,2.33
D,313,Zinchenko,5.1,5.1,Arsenal,69,3.75,71,2.37,69,3.26,65,2.42,68,1.84
M,314,Foden,8,8,Man City,46,4.36,44,3.01,47,3.75,45,0.4,45,2.81
M,315,Rodri,5.6,5.6,Man City,76,3.87,77,3.01,75,3.19,75,0.38,74,2.62
M,316,Palmer,4.3,4.3,Man City,15,1.18,16,0.91,17,1.14,16,0.12,17,0.91
M,317,McAtee,4.5,4.5,Man City,0,0,0,0,0,0,0,0,0,0
F,318,Haaland,12.2,11.8,Man City,69,7.79,69,5.64,68,6.86,71,0.73,70,5.12
F,319,Álvarez,6,6,Man City,40,3.01,42,2.28,41,2.56,39,0.3,41,2.12
D,320,Mbete,3.9,3.9,Man City,0,0,0,0,0,0,0,0,0,0
M,321,Lavia,4.5,4.5,Southampton,67,3.02,65,1.81,66,2.2,65,1.14,62,2.15
D,322,Wilson-Esbrand,3.8,3.8,Man City,0,0,0,0,0,0,0,0,0,0
F,323,Delap,4.4,4.4,Man City,0,0,0,0,0,0,0,0,0,0
G,324,Ortega,3.8,3.8,Man City,3,0.12,4,0.19,4,0.19,4,0.03,5,0.17
M,325,Phillips,4.8,4.8,Man City,20,1.05,18,0.76,18,0.8,22,0.12,20,0.74
F,326,Ronaldo,10.2,10.2,Man Utd,0,0,0,0,0,0,0,0,0,0
G,327,De Gea,5,5,Man Utd,87,6.74,87,4.12,86,3.85,86,1.59,85,3.3
D,328,Jones,3.9,3.9,Man Utd,0,0,0,0,0,0,0,0,0,0
D,329,Varane,4.8,4.8,Man Utd,45,3.14,48,2.41,44,1.96,48,0.82,43,1.42
D,330,Maguire,4.7,4.7,Man Utd,52,3.31,52,2.54,51,2.24,50,0.81,50,1.52
M,331,Fred,5.1,5.1,Man Utd,41,2.79,40,1.68,39,1.57,41,0.68,42,1.45
D,332,Shaw,5.4,5.4,Man Utd,74,5.1,73,3.83,73,3.43,71,1.27,70,2.3
M,333,Fernandes,9.9,9.9,Man Utd,79,7.53,80,5.14,79,4.58,77,1.83,78,3.81
D,334,Telles,5,5,Man Utd,0,0,0,0,0,0,0,0,0,0
M,335,Rashford,7.3,7,Man Utd,74,7.98,72,5.02,72,4.66,72,1.89,73,4.04
M,336,Van de Beek,5.1,5.1,Man Utd,0,0,0,0,0,0,0,0,0,0
D,337,Lindelöf,4.1,4.1,Man Utd,10,0.61,11,0.49,13,0.54,14,0.22,14,0.39
M,338,McTominay,4.9,4.9,Man Utd,22,1.53,25,0.98,24,0.95,26,0.41,25,0.89
D,339,Bailly,4,4,Man Utd,0,0,0,0,0,0,0,0,0,0
M,340,Sancho,7.1,7.1,Man Utd,36,3.91,35,2.4,34,2.12,33,0.89,35,1.98
D,341,Wan-Bissaka,4.3,4.3,Man Utd,16,1.01,17,0.8,17,0.74,19,0.31,18,0.56
D,342,Dalot,4.7,4.7,Man Utd,70,4.78,68,3.47,66,3.01,67,1.15,67,2.13
D,343,B.Williams,3.8,3.8,Man Utd,2,0.07,2,0.04,2,0.07,4,0.05,4,0.08
M,344,Elanga,4.7,4.7,Man Utd,3,0.36,4,0.27,3,0.18,4,0.14,4,0.24
F,345,Martial,6.4,6.4,Man Utd,53,5.47,55,3.44,52,3.04,52,1.3,52,2.8
M,346,Andreas,4.4,4.4,Fulham,74,3.9,71,3.33,73,3.14,68,1.97,69,2.95
M,347,Pellistri,4.3,4.3,Man Utd,3,0.31,3,0.15,4,0.2,4,0.09,3,0.19
G,348,Heaton,3.9,3.9,Man Utd,0,0,0,0,1,0,0,0,0,0
M,349,Shelvey,4.8,4.8,Nott'm Forest,35,1.92,35,1.17,37,1.27,37,1.17,35,1.19
D,350,Ritchie,4.2,4.2,Newcastle,2,0.17,2,0.06,3,0.12,3,0.08,3,0.15
D,351,Fernández,4.4,4.4,Newcastle,0,0,0,0,0,0,0,0,0,0
D,352,Clark,4.5,4.5,Newcastle,0,0,0,0,0,0,0,0,0,0
G,353,Darlow,3.9,3.9,Newcastle,0,0,0,0,0,0,0,0,0,0
F,354,Wood,5.6,5.6,Nott'm Forest,51,3.8,51,2.33,49,2.28,47,2.02,48,2.29
G,355,Dubravka,4.1,4.1,Newcastle,2,0.12,3,0.09,3,0.14,3,0.05,3,0.14
F,356,Wilson,7,7,Newcastle,49,4.79,50,3.08,47,3.04,49,1.75,49,2.83
D,357,Trippier,6.1,5.6,Newcastle,79,5.47,77,3.42,77,3.46,78,1.94,74,3.51
D,358,Burn,4.6,4.6,Newcastle,77,4.95,75,3.06,76,3.12,74,1.69,76,3.32
M,359,Fraser,5.2,5.2,Newcastle,6,0.64,5,0.38,6,0.43,6,0.21,5,0.35
D,360,Lascelles,4.3,4.3,Newcastle,15,0.83,17,0.64,17,0.62,18,0.36,15,0.59
F,361,Gayle,4.5,4.5,Newcastle,0,0,0,0,0,0,0,0,0,0
D,362,Dummett,3.9,3.9,Newcastle,2,0.13,3,0.09,2,0.08,2,0.05,3,0.09
D,363,Manquillo,4.2,4.2,Newcastle,8,0.49,7,0.28,6,0.25,7,0.14,6,0.24
D,364,Krafth,4.3,4.3,Newcastle,1,0.03,5,0.14,8,0.29,7,0.12,11,0.38
M,365,Murphy,4.2,4.2,Newcastle,8,0.74,7,0.42,7,0.47,7,0.23,7,0.43
D,366,Schär,5.2,5.2,Newcastle,77,5.2,74,3.18,75,3.24,72,1.74,75,3.39
D,367,Targett,4.7,4.7,Newcastle,19,1.26,21,0.89,19,0.85,22,0.55,20,0.92
M,368,Saint-Maximin,6.1,6.1,Newcastle,51,4.23,49,2.59,50,2.73,47,1.42,48,2.42
M,369,Almirón,5.6,5.6,Newcastle,63,4.78,63,3.06,62,3.09,64,1.74,62,2.87
M,370,S.Longstaff,4.3,4.3,Newcastle,65,3.57,63,2.21,62,2.24,62,1.2,62,2.06
M,371,Joelinton,5.9,5.9,Newcastle,45,3.01,58,2.38,57,2.39,62,1.41,61,2.38
D,372,Lewis,4.4,4.4,Newcastle,3,0.15,4,0.16,6,0.24,5,0.11,4,0.16
M,373,Willock,4.7,4.7,Newcastle,52,3.91,51,2.46,50,2.44,51,1.35,51,2.32
M,374,Bruno Guimarães,5.5,5.5,Newcastle,76,4.63,75,2.95,74,2.94,74,1.63,74,2.72
M,375,Hendrick,4.5,4.5,Newcastle,0,0,0,0,0,0,0,0,0,0
G,376,Pope,5.5,5.5,Newcastle,88,6.35,87,4.01,86,4.03,87,2.16,87,3.93
D,377,Botman,4.5,4.5,Newcastle,76,4.76,74,2.93,74,2.95,73,1.63,74,3.17
M,378,Arter,4.1,4.1,Nott'm Forest,0,0,0,0,0,0,0,0,0,0
D,379,Cook,4.3,4.3,Nott'm Forest,11,0.53,9,0.24,5,0.16,6,0.13,6,0.19
F,380,Lyle Taylor,4.2,4.2,Nott'm Forest,0,0,0,0,0,0,0,0,0,0
M,381,Colback,4.1,4.1,Nott'm Forest,8,0.44,9,0.32,9,0.32,11,0.34,12,0.42
G,382,Samba,4.5,4.5,Nott'm Forest,0,0,0,0,0,0,0,0,0,0
M,383,Cafú,4.2,4.2,Nott'm Forest,0,0,0,0,0,0,0,0,0,0
M,384,Lolley,4.9,4.9,Nott'm Forest,0,0,0,0,0,0,0,0,0,0
D,385,McKenna,4.4,4.4,Nott'm Forest,14,0.63,34,0.87,60,1.53,69,1.19,71,1.86
D,386,Dräger,4,4,Nott'm Forest,0,0,0,0,0,0,0,0,0,0
M,387,Yates,5,5,Nott'm Forest,74,3.46,70,2.08,70,2.07,71,1.92,69,2.03
D,388,Worrall,4.2,4.2,Nott'm Forest,63,2.9,56,1.4,47,1.2,47,0.79,44,1.14
D,389,Panzo,4,4,Nott'm Forest,0,0,0,0,0,0,0,0,0,0
M,390,Xande Silva,5,5,Nott'm Forest,0,0,0,0,0,0,0,0,0,0
F,391,Surridge,4.7,4.7,Nott'm Forest,1,0.09,2,0.16,2,0.09,1,0.08,2,0.09
D,392,Laryea,4.5,4.5,Nott'm Forest,0,0,0,0,0,0,0,0,0,0
D,393,Mbe Soh,4.2,4.2,Nott'm Forest,0,0,0,0,0,0,0,0,0,0
F,394,Johnson,5.7,5.7,Nott'm Forest,70,4.35,71,2.68,69,2.66,67,2.33,69,2.65
M,395,Mighten,4.9,4.9,Nott'm Forest,0,0,0,0,0,0,0,0,0,0
M,396,Ojeda,4.5,4.5,Nott'm Forest,0,0,0,0,0,0,0,0,0,0
F,397,Awoniyi,5.6,5.6,Nott'm Forest,29,2.52,27,1.42,29,1.58,31,1.5,26,1.45
G,398,Henderson,4.6,4.6,Nott'm Forest,15,0.93,16,0.57,17,0.61,16,0.57,15,0.58
D,399,Biancone,4.2,4.2,Nott'm Forest,0,0,0,0,0,0,0,0,0,0
M,400,Walcott,4.8,4.8,Southampton,6,0.54,7,0.4,7,0.41,8,0.27,7,0.42
G,401,McCarthy,4.3,4.3,Southampton,10,0.52,10,0.36,13,0.58,10,0.23,13,0.53
M,402,Romeu,4.8,4.8,Southampton,0,0,0,0,0,0,0,0,0,0
M,403,Redmond,5.3,5.3,Southampton,0,0,0,0,0,0,0,0,0,0
D,404,Stephens,4.3,4.3,Bournemouth,61,2.29,56,1.45,61,1.27,61,1.92,0,0
M,405,S.Armstrong,4.7,4.7,Southampton,32,2.11,30,1.24,31,1.5,34,0.83,32,1.66
M,406,Elyounoussi,5.2,5.2,Southampton,36,2.49,34,1.45,39,2,38,0.95,36,2
M,407,Ward-Prowse,6.2,6.2,Southampton,81,4.53,82,2.69,79,3.5,79,1.59,78,3.72
F,408,A.Armstrong,5.4,5.4,Southampton,17,1.38,17,0.88,18,1.1,17,0.54,17,1.11
D,409,Walker-Peters,4.4,4.4,Southampton,75,3.38,74,1.43,72,3.1,74,0.9,71,3.1
D,410,Bednarek,4.2,4.2,Southampton,48,2.13,49,0.96,50,2.12,51,0.63,49,2.04
F,411,Adams,6.2,6.2,Southampton,49,3.21,46,1.82,49,2.41,48,1.14,47,2.49
M,412,Tella,5,5,Southampton,0,0,0,0,0,0,0,0,0,0
D,413,Lyanco,4.4,4.4,Southampton,8,0.37,8,0.17,9,0.32,13,0.17,9,0.36
D,414,Valery,4,4,Southampton,0,0,0,0,0,0,0,0,0,0
M,415,Smallbone,4.5,4.5,Southampton,0,0,0,0,0,0,0,0,0,0
M,416,Diallo,4.2,4.2,Southampton,18,1.06,22,0.83,19,0.8,24,0.56,23,0.95
D,417,Perraud,4.1,4.1,Southampton,39,2.17,37,0.98,30,1.5,33,0.56,33,1.7
M,418,Djenepo,5,5,Southampton,5,0.44,6,0.3,6,0.34,7,0.24,7,0.44
D,419,Livramento,4.4,4.4,Southampton,11,0.58,14,0.39,22,1.06,28,0.45,22,1.07
D,420,Salisu,4.4,4.4,Southampton,41,1.75,41,0.76,45,1.83,43,0.51,44,1.78
G,421,Lis,4,4,Southampton,0,0,0,0,0,0,0,0,0,0
G,422,Bazunu,4.5,4.5,Southampton,80,4.52,79,2.73,76,3.33,78,1.75,77,3.27
D,423,Bella-Kotchap,4.5,4.5,Southampton,76,3.49,73,1.49,72,3.25,69,0.91,69,3.11
G,424,Caballero,3.9,3.9,Southampton,0,0,1,0,1,0,1,0.02,1,0
G,425,Lloris,5.5,5.5,Spurs,17,1.04,41,1.65,73,3.33,86,1.55,85,3.37
G,426,Forster,3.9,3.9,Spurs,69,4.31,47,1.83,15,0.68,4,0.06,5,0.16
F,427,Kane,11.8,11.8,Spurs,79,7.22,77,4.79,76,5.93,79,1.96,75,4.58
M,428,Son,11.6,11.6,Spurs,64,5.54,62,3.6,65,4.74,62,1.5,61,3.49
D,429,Doherty,4.6,4.6,Spurs,0,0,0,0,0,0,0,0,0,0
D,430,Dier,5.1,5.1,Spurs,75,4.29,76,2.52,77,3.54,76,1.02,78,2.52
M,431,Lucas Moura,5.8,5.8,Spurs,14,1.21,14,0.77,14,0.92,10,0.26,12,0.65
D,432,Davies,4.8,4.8,Spurs,58,3.37,58,1.99,50,2.36,53,0.73,53,1.73
M,433,Højbjerg,5.5,5.5,Spurs,80,3.89,80,2.53,80,3.01,79,1.12,80,2.5
M,434,Winks,4.4,4.4,Spurs,0,0,0,0,0,0,0,0,0,0
D,435,Sánchez,4.3,4.3,Spurs,23,1.43,23,0.84,23,1.05,22,0.32,21,0.75
D,436,R.Sessegnon,4.4,4.4,Spurs,7,0.5,15,0.72,28,1.64,31,0.6,33,1.48
M,437,Bergwijn,5.5,5.5,Spurs,0,0,0,0,0,0,0,0,0,0
D,438,Reguilón,4.2,4.2,Spurs,0,0,0,0,0,0,0,0,0,0
D,439,Tanganga,3.9,3.9,Spurs,11,0.62,13,0.44,10,0.45,12,0.18,9,0.33
M,440,Bentancur,5.4,5.4,Spurs,0,0,0,0,0,0,0,0,0,0
M,441,Skipp,4.3,4.3,Spurs,46,2.32,41,1.4,35,1.35,28,0.48,23,0.84
D,442,Rodon,4,4,Spurs,0,0,0,0,0,0,0,0,0,0
D,443,Romero,4.9,4.9,Spurs,76,4.04,72,2.21,75,3.3,72,0.9,73,2.21
M,444,Bissouma,4.7,4.7,Spurs,0,0,8,0.28,26,0.98,48,0.69,56,1.74
D,445,Emerson Royal,4.9,4.9,Spurs,49,3.34,50,2,49,2.67,48,0.79,47,1.85
M,446,Kulusevski,7.9,7.9,Spurs,52,3.78,55,2.63,50,2.95,54,1.08,54,2.58
F,447,Scarlett,4.5,4.5,Spurs,0,0,0,0,0,0,0,0,0,0
D,448,Perišić,5.5,5.5,Spurs,66,5.54,62,3.14,58,4.04,59,1.2,57,2.84
M,449,White,4.4,4.4,Spurs,0,0,0,0,0,0,0,0,0,0
M,450,Sarr,4.2,4.2,Spurs,49,2.68,45,1.67,38,1.68,25,0.44,23,0.94
G,451,Austin,3.9,3.9,Spurs,0,0,0,0,0,0,0,0,0,0
M,452,Devine,4.3,4.3,Spurs,4,0.2,3,0.09,2,0.05,1,0,1,0
F,453,Parrott,4.5,4.5,Spurs,0,0,0,0,0,0,0,0,0,0
F,454,Richarlison,8.4,8.4,Spurs,45,3.42,46,2.35,45,2.76,47,1.01,48,2.43
G,455,Fabianski,5,5,West Ham,87,6.61,85,3.36,86,3.26,86,3.62,87,3.27
D,456,Ogbonna,4.4,4.4,West Ham,41,2.69,41,1.28,40,1.18,42,1.59,42,1.17
D,457,Cresswell,4.7,4.7,West Ham,52,3.83,55,1.95,53,1.68,50,2.1,51,1.64
F,458,Antonio,7,7,West Ham,32,3.06,34,1.74,32,1.55,32,1.8,32,1.63
D,459,Dawson,4.8,4.8,Wolves,76,3.32,73,2.35,75,2.81,73,1.38,74,3.33
M,460,Lanzini,5.1,5.1,West Ham,8,0.78,9,0.43,8,0.37,8,0.4,9,0.43
D,461,Zouma,4.4,4.4,West Ham,74,5.05,72,2.37,73,2.19,73,2.9,75,2.15
D,462,Masuaku,4.5,4.5,West Ham,0,0,0,0,0,0,0,0,0,0
D,463,Coufal,4.1,4.1,West Ham,65,4.54,62,2.11,64,1.95,66,2.66,67,2.04
M,464,Benrahma,5.5,5.5,West Ham,43,4.3,42,2.21,42,2.05,44,2.45,43,2.26
M,465,Bowen,8,8,West Ham,74,6.55,72,3.4,75,3.13,74,3.72,73,3.32
M,466,Vlasic,5,5,West Ham,0,0,0,0,0,0,0,0,0,0
M,467,Rice,4.7,4.7,West Ham,78,4.46,76,2.29,75,2.19,76,2.43,75,2.2
M,468,Soucek,5.1,5.1,West Ham,53,3.59,56,1.99,56,1.87,50,1.96,49,1.77
M,469,Fornals,4.9,4.9,West Ham,32,2.71,33,1.51,32,1.4,33,1.55,33,1.49
D,470,Diop,4.3,4.3,Fulham,76,2.75,72,2.55,68,2.22,71,1.41,69,1.9
D,471,Johnson,4.4,4.4,West Ham,13,0.92,12,0.44,13,0.45,13,0.55,14,0.48
D,472,Aguerd,4.8,4.8,West Ham,72,4.87,73,2.37,72,2.13,72,2.83,72,2.05
G,473,Areola,4.3,4.3,West Ham,3,0.21,4,0.16,4,0.15,4,0.17,3,0.08
D,474,Boly,4.2,4.2,Nott'm Forest,0,0,0,0,0,0,0,0,0,0
D,475,Coady,4.9,4.9,Everton,72,2.13,71,1.51,69,2.4,73,2.54,69,2.13
F,476,Jiménez,6.7,6.7,Wolves,34,2.34,31,1.72,34,2.13,32,1.16,36,2.3
D,477,Jonny,4.3,4.3,Wolves,21,1.02,24,0.85,22,0.88,23,0.49,25,1.17
G,478,Sá,5,5,Wolves,86,4.25,86,3.36,86,3.59,86,2.06,86,3.91
M,479,Dendoncker,4.7,4.7,Aston Villa,24,1.26,26,1.07,27,0.97,27,0.94,27,1.08
M,480,Neves,5.4,5.4,Wolves,73,3.08,73,2.48,73,2.69,68,1.49,67,2.67
M,481,Hwang,5.7,5.7,Wolves,26,1.65,25,1.32,26,1.49,25,0.82,26,1.55
D,482,Semedo,5,5,Wolves,72,3.34,69,2.34,68,2.72,71,1.42,73,3.39
M,483,Podence,5.3,5.3,Wolves,33,2.01,35,1.73,35,1.92,37,1.17,36,1.99
D,484,Kilman,4.4,4.4,Wolves,78,3.24,78,2.37,77,2.74,75,1.36,75,3.28
M,485,Cundle,4.4,4.4,Wolves,0,0,0,0,0,0,0,0,0,0
M,486,Neto,4.9,4.9,Wolves,47,2.82,46,2.24,44,2.36,47,1.48,47,2.62
D,487,Aït-Nouri,4.2,4.2,Wolves,33,1.61,34,1.25,38,1.59,38,0.83,36,1.81
F,488,Fabio Silva,5.5,5.5,Wolves,0,0,0,0,0,0,0,0,0,0
D,489,Toti,3.9,3.9,Wolves,5,0.22,6,0.18,6,0.23,7,0.13,6,0.22
M,490,Chiquinho,5,5,Wolves,0,0,0,0,0,0,0,0,0,0
M,491,Adama,5.4,5.4,Wolves,22,1.34,22,1.13,24,1.27,21,0.67,23,1.3
G,492,Šarkić,3.9,3.9,Wolves,0,0,0,0,0,0,0,0,0,0
M,493,Gibbs-White,5.5,5.5,Nott'm Forest,70,4.48,69,2.7,69,2.69,72,2.48,71,2.77
D,494,Mosquera,3.9,3.9,Wolves,0,0,0,0,0,0,0,0,0,0
G,495,Matthews,4,4,Crystal Palace,0,0,0,0,0,0,0,0,0,0
F,496,Plange,4.5,4.5,Crystal Palace,0,0,0,0,0,0,0,0,0,0
G,497,Adrián,3.9,3.9,Liverpool,0,0,0,0,0,0,1,0,1,0
D,498,R.Williams,4,4,Liverpool,0,0,0,0,0,0,0,0,0,0
D,499,Davies,4,4,Liverpool,0,0,0,0,0,0,0,0,0,0
D,500,Van den Berg,4,4,Liverpool,0,0,0,0,0,0,0,0,0,0
D,501,Phillips,3.9,3.9,Liverpool,0,0,0,0,0,0,1,0,1,0.04
G,502,Carson,3.8,3.8,Man City,0,0,0,0,0,0,0,0,0,0
M,503,Moutinho,4.7,4.7,Wolves,46,2.12,49,1.82,47,1.88,49,1.15,47,2.01
D,504,Malacia,4.2,4.2,Man Utd,20,1.42,21,1,22,0.98,22,0.4,24,0.86
M,505,Rothwell,4.9,4.9,Bournemouth,8,0.44,9,0.4,10,0.46,12,0.51,12,0.52
M,506,Adams,4.9,4.9,Leeds,77,3.31,76,2.25,76,1.95,76,1.16,75,2.15
D,507,Niakhaté,4.3,4.3,Nott'm Forest,33,1.69,25,0.73,22,0.61,16,0.33,16,0.47
M,508,Sinisterra,6.5,6.5,Leeds,61,4.77,58,3.43,59,2.89,57,1.68,56,3.35
M,509,Downes,4.2,4.2,West Ham,7,0.44,8,0.32,9,0.31,9,0.33,9,0.31
D,510,Hickey,4.9,4.9,Brentford,58,2.81,55,2.04,57,2.04,56,2.33,56,1.56
D,511,Richards,4.4,4.4,Nott'm Forest,6,0.3,6,0.17,8,0.24,6,0.14,8,0.24
M,512,Aribo,5.1,5.1,Southampton,5,0.34,5,0.26,5,0.24,6,0.16,7,0.35
D,513,Lenglet,4.8,4.8,Spurs,40,2.32,40,1.35,40,1.84,39,0.55,38,1.29
M,514,C.Doucouré,5,5,Crystal Palace,70,2.18,72,2.04,70,2.1,64,2.07,66,1.92
M,515,Lewis-Potter,5.2,5.2,Brentford,13,1.09,14,0.76,14,0.69,15,0.89,17,0.77
D,516,Collins,4.4,4.4,Wolves,37,1.67,38,1.24,38,1.44,40,0.79,39,1.8
G,517,Strakosha,4.3,4.3,Brentford,5,0.29,4,0.16,5,0.16,5,0.21,6,0.18
G,518,Hennessey,3.9,3.9,Nott'm Forest,0,0,0,0,0,0,0,0,1,0
M,519,Eriksen,6.3,6.3,Man Utd,0,0,0,0,0,0,0,0,0,0
D,520,Koulibaly,5.5,5.5,Chelsea,7,0.37,9,0.29,12,0.43,10,0.13,9,0.37
M,521,Francois,4.4,4.4,Fulham,0,0,0,0,0,0,0,0,0,0
D,522,Spence,4.1,4.1,Spurs,0,0,0,0,0,0,0,0,0,0
D,523,Toffolo,4.3,4.3,Nott'm Forest,6,0.27,7,0.2,8,0.2,8,0.15,8,0.24
M,524,O'Brien,4.8,4.8,Nott'm Forest,2,0.06,2,0.08,3,0.08,2,0.04,2,0.04
D,525,Augustinsson,4.3,4.3,Aston Villa,0,0,0,0,0,0,0,0,0,0
D,526,Mee,5,5,Brentford,82,3.83,82,2.94,81,2.78,80,3.32,81,2.13
M,527,Lingard,5.4,5.4,Nott'm Forest,21,1.65,25,1.22,21,1.06,23,1.02,24,1.15
F,528,Mara,5.3,5.3,Southampton,12,0.93,14,0.66,15,0.84,12,0.38,15,0.96
F,529,Scamacca,6.6,6.6,West Ham,45,4.21,43,2.18,44,2.06,42,2.31,43,2.21
D,530,Richards,4.4,4.4,Crystal Palace,21,0.78,23,0.72,25,0.87,25,1.13,25,0.81
D,531,Vinagre,4.3,4.3,Everton,14,0.49,13,0.39,16,0.64,14,0.53,14,0.53
D,532,Mbabu,4.3,4.3,Fulham,0,0,0,0,0,0,0,0,0,0
D,533,Martínez,4.5,4.5,Man Utd,70,4.56,68,3.31,71,3.1,66,1.08,70,2.11
M,534,McNeil,5.1,5.1,Everton,63,2.63,63,2.29,64,2.92,62,2.58,63,2.57
M,535,Tavernier,4.7,4.7,Bournemouth,60,3.13,57,2.32,60,2.26,60,2.43,60,2.25
M,536,Mangala,4.9,4.9,Nott'm Forest,23,1.4,23,0.93,26,0.99,22,0.85,24,0.92
D,537,Kesler Hayden,4,4,Aston Villa,0,0,0,0,0,0,0,0,0,0
D,538,Young,4.4,4.4,Aston Villa,60,2.65,58,2.9,57,2.06,55,1.83,56,2.31
D,539,Hill,4.4,4.4,Bournemouth,0,0,0,0,0,0,0,0,0,0
D,540,Stevens,4,4,Brentford,0,0,0,0,0,0,0,0,0,0
F,541,Dervişoğlu,4.5,4.5,Brentford,0,0,0,0,0,0,0,0,0,0
G,542,Scherpen,4,4,Brighton,0,0,0,0,0,0,0,0,0,0
D,543,Clarke,4,4,Brighton,0,0,0,0,0,0,0,0,0,0
D,544,Van Hecke,4,4,Brighton,9,0.67,9,0.36,20,0.76,9,0.08,9,0.34
D,545,Emerson,4,4,West Ham,44,3.37,43,1.64,42,1.51,47,2.15,43,1.52
M,546,Harris,4.4,4.4,Fulham,0,0,0,0,0,0,0,0,0,0
D,547,Drameh,4,4,Leeds,0,0,0,0,0,0,0,0,0,0
G,548,Iversen,3.8,3.8,Leicester,6,0.36,5,0.22,5,0.18,6,0.15,6,0.19
M,549,Praet,4.8,4.8,Leicester,19,1.6,18,1.02,20,0.86,21,0.65,21,0.98
M,550,Amad,4.4,4.4,Man Utd,0,0,0,0,0,0,0,0,0,0
M,551,Iqbal,4.2,4.2,Man Utd,0,0,0,0,0,0,1,0,1,0
M,552,Anderson,4.4,4.4,Newcastle,20,1.35,17,0.74,19,0.83,17,0.41,19,0.77
M,553,Hammond,4.3,4.3,Nott'm Forest,0,0,0,0,0,0,0,0,0,0
M,554,Bryan,5,5,Spurs,0,0,0,0,0,0,0,0,0,0
D,555,Ashby,3.8,3.8,Newcastle,2,0.11,1,0.04,1,0.04,0,0,1,0
M,556,Coventry,4.4,4.4,West Ham,0,0,0,0,0,0,0,0,0,0
G,557,Smith,3.9,3.9,Wolves,0,0,0,0,0,0,0,0,0,0
D,558,Bueno,3.9,3.9,Wolves,44,2.18,45,1.68,41,1.76,41,0.92,41,2.02
D,559,Colwill,4.4,4.4,Brighton,49,3.78,50,1.86,8,0.35,49,0.4,49,2.12
M,560,Mills,4.4,4.4,Everton,1,0.05,1,0,1,0.05,1,0,1,0
M,561,Warrington,4.4,4.4,Everton,0,0,0,0,0,0,0,0,0,0
M,562,Solomon,4.9,4.9,Fulham,13,0.73,13,0.63,15,0.7,16,0.48,14,0.66
D,563,Chambers,4,4,Liverpool,0,0,0,0,0,0,0,0,0,0
M,564,Bajcetic,4.4,4.4,Liverpool,36,2.16,34,1.25,37,1.4,35,1.5,34,1.26
M,565,Gray,4.5,4.5,Leeds,0,0,0,0,0,0,0,0,0,0
M,566,Hodge,4.4,4.4,Wolves,3,0.14,2,0.08,2,0.09,4,0.08,3,0.09
M,567,Ronan,4.4,4.4,Wolves,0,0,0,0,0,0,0,0,0,0
M,568,Campbell,4.4,4.4,Wolves,0,0,0,0,0,0,0,0,0,0
M,569,Garnacho,4.2,4.2,Man Utd,23,2.28,24,1.45,25,1.37,24,0.57,26,1.27
M,570,Garner,4.5,4.5,Everton,16,0.61,17,0.56,17,0.69,16,0.61,17,0.6
G,571,Randolph,4,4,Bournemouth,1,0.01,1,0,1,0.04,1,0.04,1,0.04
M,572,Oko-Flex,4.4,4.4,West Ham,0,0,0,0,0,0,0,0,0,0
D,573,Lewis,3.9,3.9,Man City,38,2.51,37,1.98,37,2.08,37,0.24,42,1.95
G,574,Neto,4.5,4.5,Bournemouth,86,4.28,84,3.4,85,3.29,84,3.4,84,3.2
M,575,Cornet,5.9,5.9,West Ham,22,2.12,24,1.24,25,1.2,23,1.25,25,1.25
D,576,Senesi,4.4,4.4,Bournemouth,55,2.26,53,1.54,52,1.27,53,1.84,68,2.08
M,577,Onana,4.8,4.8,Everton,73,2.33,70,2.01,70,2.38,69,2.23,65,2.05
G,578,Robles,4,4,Leeds,3,0.16,4,0.13,3,0.11,4,0.09,4,0.12
M,579,Guedes,5.8,5.8,Wolves,0,0,0,0,0,0,0,0,0,0
M,580,Damsgaard,5.1,5.1,Brentford,20,1.72,21,1.15,20,1.07,24,1.37,23,1.13
G,581,Smithies,3.9,3.9,Leicester,0,0,0,0,0,0,0,0,1,0
M,582,Freuler,4.9,4.9,Nott'm Forest,74,3.35,73,2.07,73,2.1,71,1.87,72,2.06
M,583,Kouyaté,4.4,4.4,Nott'm Forest,14,0.88,15,0.57,15,0.57,15,0.59,15,0.57
M,584,Clark,4.5,4.5,Liverpool,0,0,0,0,0,0,0,0,0,0
F,585,Dennis,5.7,5.7,Nott'm Forest,9,0.73,11,0.57,11,0.58,11,0.54,12,0.63
D,586,Estupiñán,4.7,4.7,Brighton,74,6.54,72,3.09,71,2.98,71,0.67,72,3.55
D,587,Sergio Gómez,4.5,4.5,Man City,4,0.23,5,0.25,5,0.27,6,0.03,6,0.23
D,588,Kehrer,4.4,4.4,West Ham,54,3.54,55,1.71,53,1.52,55,2.03,53,1.47
M,589,Matheus,4.8,4.8,Wolves,56,2.44,55,2,54,2.12,56,1.28,55,2.23
G,590,Whitworth,4,4,Crystal Palace,0,0,0,0,0,0,0,0,0,0
F,591,Ablade,4.5,4.5,Fulham,1,0.07,1,0.07,1,0.07,2,0.04,2,0.07
G,592,H.Davies,4,4,Liverpool,0,0,0,0,0,0,0,0,0,0
M,593,Casemiro,4.9,4.9,Man Utd,73,4.32,72,2.61,72,2.5,71,1,72,2.17
F,594,Isak,6.6,6.6,Newcastle,55,5.19,54,3.23,54,3.36,53,1.81,54,3
D,595,Zanka,4,4,Brentford,14,0.61,15,0.51,15,0.49,16,0.56,15,0.41
F,596,Ferguson,4.6,4.6,Brighton,20,2.72,21,1.52,22,1.53,21,0.35,23,1.48
F,597,Saydee,4.5,4.5,Bournemouth,0,0,0,0,0,0,0,0,0,0
D,598,Bevan,4,4,Bournemouth,0,0,0,0,0,0,0,0,0,0
M,599,Gomes,4.5,4.5,Man City,0,0,0,0,0,0,0,0,0,0
M,600,Knight,4.5,4.5,Man City,0,0,0,0,1,0,0,0,1,0
M,601,Rodney,4.5,4.5,Crystal Palace,1,0,1,0,0,0,1,0,1,0
D,602,Renan Lodi,4.3,4.3,Nott'm Forest,65,3.78,65,2.09,61,1.99,63,1.32,62,2.03
M,603,Paquetá,5.9,5.9,West Ham,65,5.35,67,2.88,67,2.67,65,3.09,67,2.83
M,604,Phillips,4.5,4.5,Crystal Palace,0,0,0,0,0,0,0,0,0,0
D,605,Welch,4,4,Everton,0,0,1,0,0,0,0,0,0,0
M,606,Vale,4.5,4.5,Chelsea,0,0,0,0,0,0,0,0,0,0
M,607,Smith,4.5,4.5,Arsenal,0,0,0,0,0,0,0,0,0,0
F,608,Kalajdžić,5.3,5.3,Wolves,0,0,0,0,0,0,0,0,0,0
M,609,Antony,7.3,7.3,Man Utd,61,5.13,60,3.2,61,2.97,60,1.22,59,2.57
D,610,Akanji,5,5,Man City,40,2.24,38,1.83,41,1.98,39,0.22,39,1.55
M,611,Gueye,4.9,4.9,Everton,68,2.09,67,1.88,66,2.17,66,2.08,69,2.08
D,612,Faes,4.2,4.2,Leicester,60,3.23,59,2.34,61,0.93,61,1.31,59,1.49
D,613,Kurzawa,4.3,4.3,Fulham,11,0.47,12,0.48,12,0.49,13,0.33,13,0.45
M,614,Willian,5.5,5.5,Fulham,64,3.71,64,3.33,62,3.01,66,2.07,64,2.96
G,615,Kovár,4,4,Man Utd,0,0,0,0,0,0,0,0,0,0
M,616,Zakaria,4.9,4.9,Chelsea,21,1.41,22,0.9,22,0.9,24,0.39,24,0.97
F,617,Aubameyang,8.4,8.4,Chelsea,1,0.11,1,0.1,2,0.19,2,0.04,2,0.1
F,618,Vinícius,5.4,5.4,Fulham,12,0.77,13,0.74,12,0.64,13,0.49,14,0.74
F,619,Gnonto,5,5,Leeds,64,4.25,61,2.91,60,2.55,60,1.49,58,2.86
M,620,Arthur,4.8,4.8,Liverpool,5,0.33,6,0.26,5,0.22,6,0.29,7,0.26
D,621,Badé,4.5,4.5,Nott'm Forest,0,0,0,0,0,0,0,0,0,0
D,622,Larios,4,4,Southampton,5,0.23,5,0.14,7,0.26,6,0.09,8,0.35
D,623,Caleta-Car,4.5,4.5,Southampton,30,1.42,28,0.61,28,1.24,32,0.44,28,1.24
M,624,Edozie,4.7,4.7,Southampton,17,1.27,16,0.79,15,0.81,15,0.46,17,1.05
F,625,Diego Costa,5.4,5.4,Wolves,9,0.66,9,0.51,9,0.6,10,0.38,8,0.56
G,626,Karius,3.9,3.9,Newcastle,0,0,1,0,1,0,0,0,1,0
G,627,Jakupović,4,4,Everton,0,0,0,0,0,0,0,0,0,0
D,628,Aurier,4.5,4.5,Nott'm Forest,65,3.57,64,1.98,63,1.93,62,1.22,61,1.89
M,629,Traoré,4.3,4.3,Wolves,11,0.49,12,0.47,13,0.49,13,0.29,13,0.54
M,630,Nwaneri,4.5,4.5,Arsenal,1,0,0,0,0,0,1,0,1,0
D,631,Sousa,4,4,Arsenal,2,0.04,1,0.03,2,0.04,3,0.05,2,0.05
M,632,Trevitt,4.4,4.4,Brentford,0,0,0,0,0,0,0,0,0,0
G,633,Cox,3.9,3.9,Brentford,0,0,0,0,0,0,0,0,0,0
F,634,Gordon,4.5,4.5,Crystal Palace,0,0,0,0,0,0,0,0,0,0
G,635,Bettinelli,4,4,Chelsea,0,0,0,0,0,0,0,0,0,0
D,636,Parkes,4,4,Fulham,1,0,1,0,0,0,1,0,1,0.03
D,637,John,4,4,Everton,0,0,0,0,0,0,0,0,1,0
D,638,Bogarde,4,4,Aston Villa,0,0,0,0,0,0,0,0,0,0
M,639,Braybrooke,4.5,4.5,Leicester,0,0,0,0,0,0,0,0,0,0
D,640,Turns,4,4,Brighton,0,0,0,0,0,0,0,0,0,0
M,641,Godo,4.5,4.5,Fulham,0,0,0,0,0,0,0,0,0,0
D,642,Balmer,4,4,Crystal Palace,0,0,0,0,0,0,0,0,0,0
M,643,Mainoo,4.5,4.5,Man Utd,1,0,1,0,0,0,0,0,1,0
G,644,Goodman,4,4,Crystal Palace,0,0,0,0,0,0,0,0,0,0
D,645,Wormleighton,4,4,Leicester,0,0,0,0,0,0,0,0,0,0
D,646,Crama,4,4,Brentford,1,0,1,0.03,1,0.03,1,0.03,1,0
M,647,Payne,4.5,4.5,Southampton,0,0,0,0,0,0,0,0,0,0
M,648,Finnigan,4.5,4.5,Southampton,0,0,0,0,0,0,0,0,0,0
G,649,Plain,4,4,Bournemouth,0,0,0,0,0,0,0,0,0,0
M,650,Yarmolyuk,4.5,4.5,Brentford,0,0,0,0,0,0,1,0,0,0
M,651,Moran,4.5,4.5,Brighton,4,0.29,3,0.16,4,0.21,4,0.04,3,0.14
D,652,Furlong,4,4,Brighton,0,0,0,0,0,0,0,0,0,0
M,653,Hutchinson,4.3,4.3,Chelsea,0,0,0,0,0,0,0,0,0,0
M,654,Wells-Morrison,4.5,4.5,Crystal Palace,1,0,0,0,1,0,1,0,0,0
G,655,Hein,4,4,Arsenal,0,0,0,0,0,0,0,0,0,0
G,656,Bishop,4,4,Man Utd,0,0,0,0,0,0,0,0,0,0
F,657,Fraser,4.5,4.5,Wolves,0,0,0,0,0,0,0,0,0,0
M,658,Griffiths,4.4,4.4,Wolves,0,0,0,0,0,0,0,0,0,0
F,659,Mateo Joseph,4.5,4.5,Leeds,0,0,0,0,0,0,0,0,0,0
F,660,Shoretire,4.5,4.5,Man Utd,0,0,0,0,0,0,0,0,0,0
M,661,Hall,4.4,4.4,Chelsea,6,0.49,7,0.34,7,0.34,7,0.13,7,0.31
F,662,Cannon,4.5,4.5,Everton,0,0,0,0,0,0,0,0,0,0
F,663,Perkins,4.5,4.5,Leeds,0,0,0,0,0,0,0,0,0,0
D,664,Lembikisa,4,4,Wolves,1,0.04,1,0.03,2,0.06,2,0.03,2,0.04
M,665,Doak,4.5,4.5,Liverpool,0,0,0,0,0,0,1,0,0,0
F,666,Dale Taylor,4.5,4.5,Nott'm Forest,0,0,0,0,0,0,0,0,0,0
M,667,Sekularac,4.5,4.5,Fulham,0,0,1,0,0,0,0,0,0,0
M,668,Cozier-Duberry,4.5,4.5,Arsenal,0,0,0,0,0,0,0,0,0,0
F,669,Mubama,4.5,4.5,West Ham,0,0,0,0,0,0,0,0,0,0
G,670,Marschall,4,4,Aston Villa,0,0,0,0,0,0,0,0,0,0
F,671,Morgan,4.5,4.5,Southampton,0,0,0,0,0,0,0,0,0,0
M,672,Kadan Young,4.5,4.5,Aston Villa,1,0.07,3,0.1,2,0.05,2,0.09,2,0.09
D,673,Humphreys,4.5,4.5,Chelsea,0,0,0,0,0,0,0,0,0,0
D,674,Bennett,4,4,Man Utd,0,0,0,0,1,0,1,0,0,0
G,675,Smith,4,4,Nott'm Forest,0,0,0,0,0,0,0,0,0,0
M,676,Ozoh,4.5,4.5,Crystal Palace,1,0,0,0,1,0.04,1,0,0,0
M,677,Hinshelwood,4.5,4.5,Brighton,1,0.04,1,0,1,0,0,0,0,0
M,678,Price,4.5,4.5,Everton,0,0,0,0,0,0,0,0,0,0
M,679,Buonanotte,4.5,4.5,Brighton,10,0.97,12,0.69,11,0.61,13,0.16,12,0.62
M,680,Gakpo,7.7,7.7,Liverpool,47,4.24,47,2.71,44,2.79,45,3.33,46,2.71
M,681,Scarpa,5,5,Nott'm Forest,20,1.51,20,0.94,20,0.94,18,0.84,20,0.99
F,682,Cunha,5.5,5.5,Wolves,48,2.97,51,2.5,50,2.76,48,1.56,45,2.6
M,683,Kuol,4.5,4.5,Newcastle,0,0,0,0,0,0,0,0,0,0
F,684,D.D.Fofana,5,5,Chelsea,8,0.85,10,0.57,9,0.52,8,0.19,10,0.62
F,685,Butler-Oyedeji,4.5,4.5,Arsenal,0,0,0,0,0,0,0,0,0,0
F,686,Simms,4.5,4.5,Everton,9,0.54,10,0.49,9,0.53,9,0.51,10,0.55
M,687,McAteer,4.5,4.5,Leicester,0,0,0,0,0,0,0,0,0,0
M,688,Schade,5,5,Brentford,35,2.98,35,1.9,35,1.89,40,2.44,42,1.96
D,689,Badiashile,5,5,Chelsea,56,3.69,57,2.24,51,1.99,54,0.71,54,2.44
F,690,João Félix,7.6,7.6,Chelsea,62,5.88,60,3.23,60,3.29,60,1.26,59,3.51
D,691,Wöber,4.5,4.5,Leeds,75,3.29,72,3.04,72,1.73,71,1.13,70,2.46
M,692,Orsic,5.3,5.3,Southampton,34,2.24,38,1.47,34,1.63,36,0.88,35,1.82
M,693,Alcaraz,5,5,Southampton,31,1.75,29,1.02,30,1.23,33,0.68,32,1.34
D,694,Álex Moreno,4.4,4.4,Aston Villa,50,2.18,52,2.6,52,1.91,52,1.71,51,2.16
F,695,Adu-Adjei,4.5,4.5,Bournemouth,0,0,0,0,0,0,0,0,0,0
M,696,Dacosta Gonzalez,4.4,4.4,Bournemouth,0,0,1,0,0,0,1,0,1,0
F,697,Sadi,4.5,4.5,Bournemouth,0,0,0,0,0,0,0,0,0,0
M,698,Lemina,4.5,4.5,Wolves,57,2.3,51,1.75,52,1.88,51,1.09,54,1.99
M,699,Mudryk,6.9,6.9,Chelsea,51,4.58,48,2.5,47,2.55,50,1.02,49,2.79
F,700,Rutter,5.4,5.4,Leeds,39,3.02,36,2.07,32,1.66,31,0.93,36,2.14
F,701,Weghorst,5.9,5.9,Man Utd,23,2.43,22,1.46,25,1.48,25,0.65,22,1.19
M,702,Andrey Santos,4.5,4.5,Chelsea,0,0,0,0,0,0,0,0,0,0
M,703,Danilo,4.5,4.5,Nott'm Forest,31,1.71,30,1.06,29,1.03,31,1.06,32,1.12
M,704,Sarabia,5.5,5.5,Wolves,54,3.2,57,2.66,58,3.04,55,1.7,52,2.97
M,705,Ouattara,5,5,Bournemouth,46,2.45,44,1.88,45,1.73,46,1.87,43,1.65
F,706,Pollock,4.5,4.5,Bournemouth,0,0,0,0,0,0,0,0,0,0
G,707,Sinisalo,4,4,Aston Villa,0,0,0,0,0,0,0,0,0,0
M,708,Madueke,5.5,5.5,Chelsea,44,3.61,54,2.45,51,2.42,43,0.8,42,2.21
D,709,Kristiansen,4.5,4.5,Leicester,57,3.45,55,2.39,55,0.97,55,1.34,54,1.57
D,710,Kiwior,4,4,Arsenal,5,0.24,7,0.2,9,0.37,10,0.32,7,0.2
F,711,Durán,5.5,5.5,Aston Villa,18,1.3,17,0.97,19,1,18,0.93,21,1.16
M,712,Perrone,4.5,4.5,Man City,2,0.08,2,0.05,3,0.1,3,0.01,3,0.09
M,713,Danjuma,6.5,6.5,Spurs,20,1.95,21,1.35,20,1.54,17,0.5,20,1.29
F,714,Semenyo,5,5,Bournemouth,28,1.86,28,1.49,29,1.36,28,1.44,30,1.36
M,715,Tetê,5.5,5.5,Leicester,58,5,56,3.36,54,2.07,56,1.87,58,2.79
D,716,Bree,4.5,4.5,Southampton,22,1.13,24,0.53,23,1.12,27,0.39,21,0.94
G,717,Bentley,4,4,Wolves,2,0.06,1,0,1,0.04,3,0.05,2,0.09
D,718,Viña,4.5,4.5,Bournemouth,9,0.45,12,0.47,12,0.43,12,0.46,15,0.55
M,719,Ayari,4.5,4.5,Brighton,2,0.16,2,0.06,2,0.06,1,0.01,1,0
M,720,McKennie,5,5,Leeds,49,3.1,48,2.18,50,1.97,48,1.12,48,2.13
M,721,João Gomes,4.5,4.5,Wolves,12,0.54,13,0.48,11,0.46,13,0.3,15,0.64
D,722,Zabarnyi,4.5,4.5,Bournemouth,1,0.05,2,0.04,2,0.04,1,0.04,6,0.2
M,723,H.Traorè,4.5,4.5,Bournemouth,65,3.73,68,2.97,63,2.6,62,2.77,62,2.56
M,724,Enzo,5,5,Chelsea,68,4.03,67,2.35,67,2.33,68,0.94,67,2.51
M,725,Ahamada,4.5,4.5,Crystal Palace,6,0.21,5,0.17,5,0.21,6,0.21,6,0.2
M,726,Lukic,4.5,4.5,Fulham,34,1.43,32,1.25,34,1.24,34,0.75,34,1.18
D,727,Souttar,4.5,4.5,Leicester,59,3.28,59,2.46,60,0.9,59,1.34,62,1.67
M,728,Sabitzer,5,5,Man Utd,48,3.72,46,2.18,49,2.21,49,0.9,46,1.87
G,729,Navas,4.5,4.5,Nott'm Forest,75,4.48,74,2.78,73,2.75,74,2.58,74,2.81
D,730,Felipe,4.5,4.5,Nott'm Forest,58,2.73,55,1.42,45,1.19,42,0.77,43,1.15
M,731,Kamaldeen,5,5,Southampton,40,2.74,41,1.69,40,2.07,42,1.04,41,2.27
F,732,Onuachu,5.5,5.5,Southampton,66,4.17,64,2.48,64,3.15,61,1.44,60,3.17
D,733,Pedro Porro,5,5,Spurs,43,2.93,40,1.66,40,2.23,39,0.66,39,1.59
M,734,A.Ayew,5,5,Nott'm Forest,16,1.28,16,0.82,17,0.88,19,0.85,17,0.88
M,735,Marçal-Madivadua,4.5,4.5,Leicester,1,0.01,1,0,1,0,1,0.03,2,0.04
D,736,Offiah,4,4,Brighton,1,0,1,0,3,0.09,2,0.01,2,0.03
D,737,Greenwood,4,4,Bournemouth,0,0,0,0,0,0,0,0,0,0
D,738,Kinsey-Wellings,4,4,Bournemouth,0,0,0,0,0,0,0,0,0,0
G,739,Anang,4,4,West Ham,0,0,0,0,0,0,0,0,0,0
G,740,Hegyi,4,4,West Ham,0,0,0,0,0,0,0,0,0,0
M,741,Miley,4.5,4.5,Newcastle,1,0.05,0,0,1,0,1,0,0,0
D,742,Chilokoa-Mullen,4,4,Leeds,1,0.04,2,0.03,2,0.03,2,0.02,1,0
D,743,Monteiro,4,4,Leeds,2,0.04,1,0.03,2,0.03,2,0.02,1,0.03
D,744,Swinkels,4,4,Aston Villa,1,0,1,0.03,1,0,1,0,1,0.03
G,745,Zych,4,4,Aston Villa,0,0,0,0,0,0,0,0,0,0
G,10023,Alfie Whiteman,99.9,99.9,Spurs,4,0.21,2,0.04,1,0.05,1,0,0,0
G,10104,Mark Gillespie,99.9,99.9,Newcastle,0,0,0,0,0,0,0,0,0,0
G,10150,Andy Lonergan,99.9,99.9,Everton,0,0,0,0,0,0,1,0,0,0
D,10201,Teden Mengi,99.9,99.9,Man Utd,0,0,0,0,0,0,0,0,0,0
D,10241,Benjamin Mendy,99.9,99.9,Man City,0,0,0,0,0,0,0,0,0,0
M,10249,Matty Longstaff,99.9,99.9,Newcastle,5,0.32,6,0.25,5,0.24,5,0.1,5,0.22
F,10263,Mason Greenwood,99.9,99.9,Man Utd,0,0,0,0,0,0,0,0,0,0
G,10264,Jed Steer,99.9,99.9,Aston Villa,0,0,0,0,0,0,0,0,0,0
G,10351,Gabriel Slonina,99.9,99.9,Chelsea,0,0,1,0,0,0,0,0,0,0
G,10359,Louie Moulden,99.9,99.9,Wolves,2,0.09,3,0.12,3,0.08,2,0.02,2,0.09