Pos,ID,Name,BV,SV,Team,34_xMins,34_Pts,35_xMins,35_Pts,36_xMins,36_Pts,37_xMins,37_Pts,38_xMins,38_Pts
G,1,Leno,4.5,4.5,Arsenal,0,0.01,0,0.01,1,0.09,1,0.06,2,0.08
G,2,Rúnarsson,4.0,4.0,Arsenal,0,0.00,0,0.00,0,0.00,0,0.00,0,0.00
M,3,Willian,6.3,6.3,Arsenal,0,0.00,0,0.00,0,0.00,0,0.00,0,0.00
F,4,Aubameyang,9.6,9.6,Arsenal,0,0.00,0,0.00,0,0.00,0,0.00,0,0.00
D,5,Cédric,4.2,4.2,Arsenal,83,3.19,74,2.92,61,5.04,65,2.85,56,2.92
F,6,Lacazette,8.4,8.3,Arsenal,32,2.05,42,2.49,45,5.65,37,2.28,46,3.22
M,7,Xhaka,4.8,4.8,Arsenal,83,2.51,82,2.44,81,4.96,80,2.43,72,2.49
D,8,Marí,4.2,4.2,Arsenal,0,0.00,0,0.00,0,0.00,0,0.00,0,0.00
D,9,Bellerín,4.8,4.8,Arsenal,0,0.00,0,0.00,0,0.00,0,0.00,0,0.00
D,10,Chambers,4.2,4.2,Aston Villa,10,0.36,19,0.91,21,1.36,23,2.04,26,0.45
D,11,Kolasinac,4.2,4.2,Arsenal,0,0.00,0,0.00,0,0.00,0,0.00,0,0.00
M,12,Elneny,4.4,4.4,Arsenal,10,0.43,12,0.48,14,1.16,15,0.60,13,0.53
M,13,Maitland-Niles,5.2,5.2,Arsenal,0,0.00,0,0.00,0,0.00,0,0.00,0,0.00
D,14,Holding,4.1,4.1,Arsenal,9,0.29,19,0.70,17,1.31,20,0.82,15,0.70
M,15,Partey,5.0,5.0,Arsenal,0,0.00,0,0.00,0,0.00,6,0.24,26,1.06
D,16,Tierney,5.0,5.0,Arsenal,0,0.00,0,0.00,0,0.00,0,0.00,0,0.00
M,17,Pépé,6.9,6.9,Arsenal,24,1.76,24,1.70,24,3.69,27,1.94,27,2.26
M,18,Torreira,4.5,4.5,Arsenal,0,0.00,0,0.00,0,0.00,0,0.00,0,0.00
M,19,Willock,5.6,5.6,Newcastle,47,2.24,45,1.61,58,1.78,56,2.15,52,2.11
F,20,Nketiah,5.4,5.4,Arsenal,43,2.45,36,2.02,37,4.29,43,2.40,34,2.16
M,21,Smith Rowe,5.7,5.7,Arsenal,61,3.07,58,2.85,56,5.62,57,2.85,54,3.06
M,22,Saka,6.8,6.6,Arsenal,80,4.36,76,4.06,77,8.66,74,4.06,78,4.94
D,23,Gabriel,5.4,5.4,Arsenal,89,3.46,86,3.29,85,6.74,81,3.44,85,4.30
D,24,Mavropanos,4.5,4.5,Arsenal,0,0.00,0,0.00,0,0.00,0,0.00,0,0.00
M,25,Guendouzi,4.5,4.5,Arsenal,0,0.00,0,0.00,0,0.00,0,0.00,0,0.00
M,26,Martinelli,5.3,5.3,Arsenal,65,3.53,64,3.37,67,7.22,63,3.33,63,3.90
D,27,Saliba,4.5,4.5,Arsenal,0,0.00,0,0.00,0,0.00,0,0.00,0,0.00
G,28,Steer,3.9,3.9,Aston Villa,0,0.00,0,0.00,0,0.00,0,0.00,0,0.00
M,29,Hourihane,4.9,4.9,Aston Villa,0,0.00,0,0.00,0,0.00,0,0.00,0,0.00
G,30,Martínez,5.5,5.5,Aston Villa,90,3.56,89,4.12,89,6.93,88,7.77,86,3.03
D,31,Engels,4.5,4.5,Aston Villa,0,0.00,0,0.00,0,0.00,0,0.00,0,0.00
M,32,Traoré,5.7,5.7,Aston Villa,1,0.10,3,0.29,1,0.17,2,0.27,1,0.07
M,33,Grealish,7.5,7.5,Man City,44,3.42,53,3.54,47,6.22,47,2.92,45,3.20
M,34,Sanson,5.0,5.0,Aston Villa,8,0.47,11,0.65,15,1.38,16,1.69,19,0.78
M,35,McGinn,5.6,5.6,Aston Villa,85,2.99,83,3.67,81,5.17,78,5.86,75,1.99
D,36,Hause,4.4,4.4,Aston Villa,1,0.03,1,0.04,1,0.07,1,0.10,1,0.04
M,37,Trézéguet,5.4,5.4,Aston Villa,0,0.00,0,0.00,0,0.00,0,0.00,0,0.00
D,38,Mings,5.0,5.0,Aston Villa,88,2.84,84,4.09,84,4.72,84,6.92,81,1.06
D,39,Targett,4.7,4.7,Newcastle,88,3.74,86,1.84,85,1.16,83,2.69,84,3.14
F,40,Watkins,7.4,7.4,Aston Villa,81,3.85,77,4.72,79,6.55,77,7.64,75,2.47
M,41,Nakamba,4.4,4.4,Aston Villa,9,0.34,11,0.44,17,1.18,19,1.35,23,0.70
M,42,El Ghazi,5.6,5.6,Everton,1,0.08,2,0.17,3,0.59,2,0.44,4,0.29
M,43,Buendía,6.2,6.2,Aston Villa,32,1.70,32,2.04,35,3.26,37,3.84,39,1.45
D,44,Cash,5.2,5.2,Aston Villa,88,3.01,84,4.34,85,5.06,81,7.17,81,1.16
D,45,Konsa,4.9,4.9,Aston Villa,82,2.72,80,3.84,76,4.47,73,6.19,72,1.05
D,46,Guilbert,4.5,4.5,Aston Villa,0,0.00,0,0.00,0,0.00,0,0.00,0,0.00
F,47,Wesley,5.4,5.4,Aston Villa,0,0.00,0,0.00,0,0.00,0,0.00,0,0.00
F,48,Samatta,5.5,5.5,Aston Villa,0,0.00,0,0.00,0,0.00,0,0.00,0,0.00
F,49,Davis,4.5,4.5,Aston Villa,0,0.00,0,0.00,0,0.00,0,0.00,0,0.00
M,50,Douglas Luiz,4.4,4.4,Aston Villa,82,2.49,77,2.82,74,4.32,74,4.85,69,1.76
M,51,Ramsey,4.7,4.7,Aston Villa,78,2.90,76,3.47,73,5.04,69,5.61,68,1.97
D,52,Young,4.7,4.7,Aston Villa,65,2.53,41,2.32,18,1.48,20,2.01,17,0.48
M,53,Lallana,5.3,5.3,Brighton,38,1.78,27,1.25,26,1.23,28,1.34,32,1.55
G,54,Steele,3.9,3.9,Brighton,0,0.01,1,0.05,0,0.01,1,0.04,1,0.05
M,55,Groß,5.7,5.7,Brighton,75,3.88,58,2.76,60,2.94,55,2.83,54,2.96
D,56,Duffy,4.0,4.0,Brighton,2,0.10,7,0.27,13,0.47,12,0.43,11,0.48
M,57,Pröpper,4.5,4.5,Brighton,0,0.00,0,0.00,0,0.00,0,0.00,0,0.00
D,58,Burn,4.4,4.4,Newcastle,89,3.63,85,1.75,85,1.09,82,2.59,82,3.00
D,59,Dunk,4.8,4.8,Brighton,88,3.70,85,3.42,82,2.90,82,2.81,81,3.41
M,60,March,5.3,5.3,Brighton,31,1.43,34,1.49,34,1.47,27,1.24,32,1.49
D,61,Webster,4.3,4.3,Brighton,42,1.78,43,1.72,46,1.60,57,1.89,47,1.92
D,62,Veltman,4.2,4.2,Brighton,85,3.20,83,3.06,78,2.52,77,2.41,77,2.96
F,63,Maupay,6.4,6.4,Brighton,56,2.99,52,2.50,57,2.85,56,2.85,55,2.93
M,64,Trossard,5.8,5.8,Brighton,73,3.59,70,3.05,69,3.16,65,3.07,72,3.51
G,65,Ryan,4.5,4.5,Brighton,0,0.00,0,0.00,0,0.00,0,0.00,0,0.00
M,66,Jahanbakhsh,5.5,5.5,Brighton,0,0.00,0,0.00,0,0.00,0,0.00,0,0.00
D,67,White,4.6,4.6,Arsenal,89,3.09,87,3.02,84,6.02,82,3.16,83,3.76
D,68,Bernardo,4.0,4.0,Brighton,0,0.00,0,0.00,0,0.00,0,0.00,0,0.00
G,69,Sánchez,4.6,4.5,Brighton,90,3.88,87,3.78,89,3.59,88,3.49,88,3.82
M,70,Bissouma,4.4,4.4,Brighton,0,0.00,76,2.37,74,2.30,72,2.24,73,2.36
D,71,Lamptey,4.5,4.5,Brighton,72,3.34,65,2.91,69,2.69,65,2.51,61,2.83
F,72,Connolly,5.3,5.3,Brighton,0,0.00,0,0.00,0,0.00,0,0.00,0,0.00
M,73,Alzate,4.8,4.8,Brighton,2,0.17,2,0.17,4,0.25,4,0.28,6,0.34
M,74,Mac Allister,5.1,5.1,Brighton,77,3.54,67,2.83,66,2.88,70,3.08,65,3.03
M,75,Moder,4.5,4.5,Brighton,0,0.00,0,0.00,0,0.00,0,0.00,0,0.00
D,76,Jansson,4.4,4.4,Brentford,89,2.37,83,1.79,83,2.88,83,2.54,78,2.75
M,77,Nørgaard,5.0,5.0,Brentford,85,2.39,82,2.20,80,2.51,78,2.29,79,2.52
F,78,Toney,6.9,6.9,Brentford,83,3.94,79,3.34,78,4.39,79,3.84,77,4.55
M,79,Fosu,5.1,5.1,Brentford,5,0.33,5,0.33,5,0.34,5,0.33,5,0.37
G,80,Raya,4.3,4.3,Brentford,90,3.43,88,3.25,89,3.75,90,3.58,88,3.69
M,81,Canós,5.5,5.5,Brentford,0,0.00,15,0.73,21,1.19,39,1.88,39,2.14
M,82,Dasilva,5.3,5.3,Brentford,17,0.78,21,1.00,22,1.22,20,1.02,25,1.37
D,83,Henry,4.5,4.5,Brentford,85,2.40,81,1.89,78,2.86,82,2.61,77,2.85
M,84,Janelt,4.9,4.9,Brentford,68,2.29,62,2.01,63,2.36,67,2.30,65,2.46
M,85,Ghoddos,5.2,5.2,Brentford,7,0.42,6,0.36,6,0.40,5,0.32,5,0.37
M,86,Jensen,4.9,4.9,Brentford,15,0.71,15,0.71,15,0.80,13,0.65,15,0.81
D,87,Goode,3.9,3.9,Brentford,0,0.00,0,0.00,0,0.00,0,0.00,0,0.00
F,88,Forss,5.3,5.3,Brentford,0,0.00,0,0.00,0,0.00,0,0.00,0,0.00
D,89,Roerslev,4.1,4.1,Brentford,38,1.23,32,0.89,34,1.37,30,1.08,31,1.24
D,90,Sørensen,4.3,4.3,Brentford,7,0.23,6,0.16,6,0.23,5,0.19,9,0.33
D,91,Pinnock,4.4,4.4,Brentford,65,1.95,84,1.96,85,3.12,78,2.60,82,3.09
G,92,Balcombe,4.0,4.0,Brentford,0,0.00,0,0.00,0,0.00,0,0.00,0,0.00
M,93,Zamburek,4.4,4.4,Brentford,0,0.00,0,0.00,0,0.00,0,0.00,0,0.00
G,94,Gunnarsson,3.9,3.9,Brentford,0,0.00,0,0.00,0,0.00,0,0.00,0,0.00
F,95,Dervişoğlu,5.4,5.4,Brentford,0,0.00,0,0.00,0,0.00,0,0.00,0,0.00
M,96,Mbeumo,5.2,5.2,Brentford,83,3.46,80,3.07,77,3.81,75,3.35,73,3.84
M,97,Bidstrup,4.4,4.4,Brentford,0,0.00,0,0.00,0,0.00,0,0.00,0,0.00
D,98,Tarkowski,4.9,4.9,Burnley,89,3.19,85,2.83,83,2.78,81,3.75,82,2.97
D,99,Bardsley,3.9,3.9,Burnley,0,0.01,1,0.02,0,0.01,0,0.01,1,0.02
D,100,Pieters,4.1,4.1,Burnley,2,0.05,7,0.22,12,0.41,13,0.68,14,0.52
M,101,Cork,4.4,4.4,Burnley,82,2.47,80,2.39,75,2.31,77,4.20,74,2.31
M,102,Stephens,4.4,4.4,Burnley,17,0.73,11,0.49,10,0.45,10,0.80,8,0.35
D,103,Long,4.0,4.0,Burnley,2,0.08,2,0.08,1,0.03,3,0.17,2,0.08
F,104,Rodriguez,5.2,5.2,Burnley,70,3.08,65,2.89,67,3.05,67,5.15,66,3.02
F,105,Barnes,5.2,5.2,Burnley,15,0.81,15,0.77,14,0.73,12,1.21,11,0.63
D,106,Mee,4.7,4.7,Burnley,49,1.99,65,2.46,78,2.96,76,3.99,74,3.04
M,107,Westwood,5.2,5.2,Burnley,0,0.00,0,0.00,0,0.00,0,0.00,6,0.24
M,108,Gudmundsson,5.4,5.4,Burnley,0,0.00,0,0.00,0,0.00,15,1.33,19,0.95
F,109,Wood,6.8,6.8,Newcastle,82,4.50,79,3.15,76,2.63,77,3.51,74,3.65
D,110,Lowton,4.4,4.4,Burnley,58,2.32,47,1.79,49,1.89,47,2.60,48,1.98
F,111,Vydra,5.2,5.2,Burnley,33,1.73,36,1.87,35,1.85,32,3.00,35,1.91
G,112,Pope,5.4,5.4,Burnley,90,3.86,88,3.65,87,3.59,88,6.51,88,3.78
D,113,Taylor,4.4,4.4,Burnley,88,3.15,82,2.75,78,2.69,76,3.70,76,2.80
G,114,Norris,4.3,4.3,Burnley,0,0.00,1,0.03,1,0.03,1,0.06,0,0.02
M,115,Brownhill,4.3,4.3,Burnley,52,1.80,70,2.37,81,2.73,78,4.66,77,2.68
M,116,Benson,4.5,4.5,Burnley,0,0.00,0,0.00,0,0.00,0,0.00,0,0.00
G,117,Peacock-Farrell,4.5,4.5,Burnley,0,0.00,0,0.00,0,0.00,0,0.00,0,0.00
M,118,McNeil,5.5,5.5,Burnley,70,2.87,69,2.75,67,2.75,63,4.52,60,2.53
D,119,Azpilicueta,5.6,5.6,Chelsea,46,4.06,43,2.10,45,4.60,44,2.33,69,3.97
F,120,Giroud,6.5,6.5,Chelsea,0,0.00,0,0.00,0,0.00,0,0.00,0,0.00
D,121,Thiago Silva,5.6,5.6,Chelsea,76,6.13,69,2.99,64,5.97,68,3.26,65,3.48
D,122,Alonso,5.5,5.5,Chelsea,61,6.90,59,3.58,44,5.61,39,2.65,32,2.36
M,123,Jorginho,5.7,5.7,Chelsea,70,5.68,64,2.71,55,4.93,43,2.10,48,2.41
M,124,Barkley,5.2,5.2,Chelsea,0,0.07,0,0.03,1,0.19,1,0.06,1,0.04
M,125,Kovacic,4.9,4.9,Chelsea,0,0.00,5,0.21,26,2.23,60,2.52,61,2.70
F,126,Batshuayi,5.5,5.5,Chelsea,0,0.00,0,0.00,0,0.00,0,0.00,0,0.00
D,127,Rüdiger,6.2,6.2,Chelsea,84,6.71,81,3.54,73,6.96,72,3.56,69,3.81
D,128,Zouma,5.4,5.4,West Ham,27,0.64,52,1.72,75,3.19,72,1.55,75,2.46
G,129,Arrizabalaga,4.5,4.5,Chelsea,1,0.06,4,0.16,18,1.69,14,0.67,11,0.55
M,130,Kanté,4.9,4.9,Chelsea,74,5.21,68,2.53,58,4.61,57,2.30,57,2.46
M,131,Ziyech,7.3,7.3,Chelsea,40,4.61,32,1.87,39,4.72,33,2.17,33,2.28
M,132,Loftus-Cheek,5.4,5.4,Chelsea,38,3.44,43,1.90,38,3.48,29,1.43,30,1.56
D,133,Christensen,4.6,4.6,Chelsea,41,3.25,45,1.88,41,3.69,46,2.12,34,1.80
F,134,Werner,8.6,8.6,Chelsea,39,4.64,45,2.65,40,5.10,40,2.72,37,2.61
D,135,Chilwell,5.6,5.6,Chelsea,0,0.00,0,0.00,7,0.70,26,1.63,30,2.07
F,136,Abraham,6.5,6.5,Chelsea,0,0.00,0,0.00,0,0.00,0,0.00,0,0.00
M,137,Pulisic,7.9,7.9,Chelsea,30,3.39,31,1.77,31,3.77,25,1.61,28,1.94
M,138,Mount,7.6,7.6,Chelsea,74,8.18,67,3.89,61,7.63,62,4.20,59,4.21
D,139,Ampadu,4.5,4.5,Chelsea,0,0.00,0,0.00,0,0.00,0,0.00,0,0.00
M,140,Hudson-Odoi,5.3,5.3,Chelsea,7,0.79,18,1.06,29,3.49,34,2.12,37,2.44
M,141,Havertz,7.9,7.9,Chelsea,65,7.89,61,3.71,56,7.42,59,4.18,55,4.21
D,142,James,6.3,6.3,Chelsea,73,7.52,72,4.02,66,7.83,70,4.42,66,4.57
G,143,Mendy,6.1,6.1,Chelsea,89,7.61,86,3.83,72,6.58,75,3.49,79,3.91
M,144,Gallagher,6.1,6.1,Crystal Palace,84,4.01,80,3.15,79,3.90,76,6.01,79,3.17
M,145,Gilmour,4.3,4.3,Norwich,35,1.34,34,1.22,37,2.72,31,1.17,38,1.31
G,146,Guaita,4.6,4.6,Crystal Palace,89,3.81,89,3.48,88,4.10,87,6.98,88,3.50
D,147,Tomkins,4.3,4.3,Crystal Palace,1,0.06,6,0.20,3,0.17,5,0.34,6,0.23
M,148,McArthur,4.3,4.3,Crystal Palace,37,1.59,39,1.52,35,1.59,40,3.11,37,1.46
F,149,Benteke,6.0,6.0,Crystal Palace,2,0.19,3,0.27,2,0.23,4,0.62,5,0.37
D,150,Kouyaté,4.5,4.5,Crystal Palace,75,3.26,68,2.36,71,3.65,68,4.99,67,2.40
D,151,Kelly,3.8,3.8,Crystal Palace,1,0.03,1,0.02,1,0.06,2,0.15,2,0.07
M,152,Milivojevic,5.3,5.3,Crystal Palace,3,0.18,5,0.28,6,0.34,6,0.64,11,0.53
F,153,Ayew,5.8,5.8,Crystal Palace,47,2.32,46,1.97,44,2.19,47,4.01,46,2.00
M,154,Zaha,6.8,6.8,Crystal Palace,84,5.21,81,4.09,82,5.26,77,7.74,77,4.01
M,155,Schlupp,5.4,5.4,Crystal Palace,62,2.71,60,2.27,60,2.69,58,4.39,57,2.20
G,156,Butland,4.4,4.4,Crystal Palace,1,0.02,1,0.03,2,0.10,3,0.28,2,0.07
M,157,Riedewald,4.7,4.7,Crystal Palace,0,0.00,0,0.02,0,0.01,0,0.04,1,0.05
D,158,Jach,4.2,4.2,Crystal Palace,0,0.01,2,0.08,0,0.03,2,0.16,2,0.07
F,159,Mateta,5.3,5.3,Crystal Palace,72,4.19,64,3.18,63,3.78,65,6.40,60,3.10
M,160,Eze,5.9,5.9,Crystal Palace,2,0.17,3,0.26,6,0.47,6,0.85,7,0.45
D,161,Ferguson,4.5,4.5,Crystal Palace,0,0.00,1,0.04,4,0.19,6,0.44,8,0.25
D,162,Mitchell,4.5,4.5,Crystal Palace,87,3.36,85,2.61,81,3.83,81,5.44,80,2.60
M,163,Delph,4.2,4.2,Everton,38,1.20,41,1.36,38,2.64,38,2.74,36,1.19
M,164,Sigurdsson,6.7,6.7,Everton,0,0.00,0,0.00,0,0.00,0,0.00,0,0.00
D,165,Coleman,4.9,4.9,Everton,83,1.20,77,2.17,78,5.12,72,5.71,74,1.78
M,166,James,6.9,6.9,Everton,0,0.00,0,0.00,0,0.00,0,0.00,0,0.00
M,167,Bernard,5.5,5.5,Everton,0,0.00,0,0.00,0,0.00,0,0.00,0,0.00
D,168,Digne,5.0,5.0,Aston Villa,23,0.93,53,3.08,78,5.28,81,7.83,81,1.33
D,169,Keane,4.7,4.7,Everton,67,1.00,68,1.95,65,4.35,65,5.17,61,1.47
G,170,Pickford,4.8,4.8,Everton,90,3.18,89,3.32,88,6.97,88,7.52,88,3.19
M,171,Allan,4.3,4.3,Everton,83,1.98,75,2.07,75,4.40,76,4.67,74,1.95
M,172,André Gomes,4.9,4.9,Everton,1,0.04,1,0.09,2,0.31,2,0.30,4,0.23
M,173,Doucouré,5.3,5.3,Everton,49,1.45,49,1.64,48,3.49,50,3.82,49,1.57
M,174,Iwobi,5.8,5.8,Everton,35,1.35,37,1.52,38,3.31,37,3.49,44,1.71
D,175,Mina,4.9,4.9,Everton,50,0.81,50,1.49,50,3.46,50,4.15,49,1.23
M,176,Davies,4.8,4.8,Everton,0,0.00,0,0.00,0,0.00,0,0.00,0,0.00
F,177,Calvert-Lewin,7.7,7.7,Everton,74,2.60,70,2.89,70,6.63,70,6.97,69,2.68
D,178,Holgate,4.2,4.2,Everton,18,0.28,23,0.63,27,1.69,28,2.04,31,0.73
D,179,Godfrey,4.7,4.7,Everton,66,0.90,60,1.61,61,3.83,61,4.65,62,1.41
F,180,Richarlison,7.5,7.5,Everton,80,2.80,76,3.22,72,7.16,73,7.67,72,2.87
G,181,Virgínia,4.0,4.0,Everton,0,0.00,0,0.00,0,0.00,0,0.00,0,0.00
M,182,Hernández,5.5,5.5,Leeds,0,0.00,0,0.00,0,0.00,0,0.00,0,0.00
G,183,Casilla,4.5,4.5,Leeds,0,0.00,0,0.00,0,0.00,0,0.00,0,0.00
D,184,Cooper,4.4,4.4,Leeds,87,2.37,82,1.34,82,3.72,81,2.85,78,2.27
D,185,Ayling,4.3,4.3,Leeds,81,2.41,78,1.41,78,3.86,74,2.81,69,2.17
M,186,Klich,5.1,5.1,Leeds,58,2.22,54,1.84,54,3.95,53,2.23,53,2.08
F,187,Rodrigo,6.3,6.3,Leeds,77,3.14,75,2.62,72,5.53,71,3.24,67,2.87
M,188,Dallas,4.9,4.9,Leeds,77,2.34,70,1.92,68,4.03,65,2.20,67,2.14
F,189,Bamford,7.7,7.7,Leeds,0,0.00,0,0.00,4,0.43,18,1.12,47,2.53
D,190,Llorente,4.5,4.5,Leeds,86,2.29,82,1.27,79,3.52,77,2.67,75,2.14
M,191,Phillips,4.7,4.7,Leeds,75,2.11,68,1.78,68,3.72,68,2.08,68,1.99
M,192,Costa,5.4,5.4,Leeds,0,0.00,0,0.00,0,0.00,0,0.00,0,0.00
M,193,Roberts,4.8,4.8,Leeds,0,0.00,0,0.00,0,0.00,0,0.00,0,0.00
D,194,Koch,4.3,4.3,Leeds,34,1.07,39,0.75,39,2.01,40,1.50,41,1.27
M,195,Poveda,4.5,4.5,Leeds,0,0.00,0,0.00,0,0.00,0,0.00,0,0.00
M,196,Raphinha,6.4,6.4,Leeds,83,4.36,80,3.38,78,7.48,74,4.42,75,4.00
M,197,Shackleton,4.4,4.4,Leeds,5,0.23,5,0.24,5,0.51,3,0.17,5,0.24
D,198,Struijk,4.3,4.3,Leeds,8,0.26,19,0.36,18,0.93,21,0.80,25,0.78
G,199,Meslier,4.8,4.8,Leeds,89,3.40,88,3.14,88,6.41,87,3.60,86,3.32
G,200,Schmeichel,4.9,4.9,Leicester,90,3.56,89,3.22,89,7.81,88,6.82,88,3.58
D,201,Evans,5.4,5.4,Leicester,43,1.49,45,1.04,41,3.69,45,2.69,39,1.46
M,202,Albrighton,5.2,5.2,Leicester,25,1.11,26,1.02,25,2.49,29,2.32,29,1.32
M,203,Mendy,4.3,4.3,Leicester,56,1.60,52,1.39,53,3.32,52,2.89,51,1.51
G,204,Ward,4.0,4.0,Leicester,0,0.00,0,0.00,0,0.00,1,0.07,0,0.01
F,205,Vardy,10.3,10.3,Leicester,25,1.51,47,2.17,56,7.85,54,5.50,55,3.43
M,206,Praet,4.9,4.9,Leicester,0,0.00,0,0.00,0,0.00,0,0.00,0,0.00
D,207,Pereira,5.2,5.2,Leicester,24,1.03,26,0.79,29,3.20,32,2.40,30,1.37
D,208,Amartey,4.0,4.0,Leicester,39,1.28,40,0.88,39,3.36,40,2.29,43,1.50
D,209,Castagne,5.3,5.3,Leicester,58,2.00,56,1.30,54,4.79,53,3.19,49,1.82
M,210,Tielemans,6.4,6.4,Leicester,84,3.48,81,2.71,79,7.49,78,5.74,74,3.12
M,211,Pérez,5.7,5.7,Leicester,24,1.35,24,1.19,23,3.08,26,2.65,29,1.69
M,212,Maddison,7.0,7.0,Leicester,76,4.07,68,2.92,67,8.93,63,6.08,66,3.86
F,213,Iheanacho,7.1,7.1,Leicester,34,2.02,21,1.14,18,2.67,21,2.45,21,1.44
M,214,Choudhury,4.4,4.4,Leicester,3,0.15,8,0.34,7,0.66,8,0.67,6,0.29
M,215,Barnes,6.6,6.5,Leicester,56,3.05,58,2.56,49,6.61,51,5.04,50,2.98
M,216,Ndidi,4.8,4.8,Leicester,0,0.00,0,0.00,0,0.00,0,0.00,0,0.00
D,217,Söyüncü,4.9,4.9,Leicester,53,1.65,46,0.93,53,4.40,47,2.56,50,1.69
D,218,Justin,4.9,4.9,Leicester,59,2.00,58,1.30,55,4.98,54,3.18,55,1.99
D,219,Thomas,4.3,4.3,Leicester,46,1.52,46,1.03,49,4.15,47,2.72,51,1.79
D,220,Fofana,4.3,4.3,Leicester,45,1.43,47,0.96,43,3.71,45,2.44,44,1.50
M,221,Milner,4.9,4.9,Liverpool,4,0.30,7,0.45,8,0.98,10,0.54,11,0.62
M,222,Henderson,4.9,4.9,Liverpool,81,3.44,78,3.03,78,6.02,75,2.93,75,3.20
G,223,Adrián,4.3,4.3,Liverpool,0,0.00,1,0.03,0,0.03,1,0.04,0,0.02
D,224,Matip,5.0,5.0,Liverpool,86,4.73,81,3.92,74,6.90,74,3.42,76,4.40
M,225,Thiago,5.3,5.3,Liverpool,74,3.18,75,2.91,70,5.45,71,2.77,72,3.06
M,226,Shaqiri,5.9,5.9,Liverpool,0,0.00,0,0.00,0,0.00,0,0.00,0,0.00
M,227,Chamberlain,5.8,5.8,Liverpool,2,0.19,4,0.27,5,0.64,6,0.42,6,0.39
F,228,Firmino,8.7,8.7,Liverpool,11,0.74,13,0.84,18,2.25,15,1.01,17,1.18
D,229,van Dijk,6.8,6.8,Liverpool,89,4.89,87,4.26,85,7.86,82,3.76,81,4.68
M,230,Mané,11.7,11.7,Liverpool,81,6.59,75,5.25,77,10.66,76,5.37,74,5.85
G,231,Alisson,6.0,6.0,Liverpool,90,4.56,89,4.25,87,8.10,87,4.01,87,4.60
M,232,Fabinho,5.4,5.4,Liverpool,85,3.19,80,2.81,80,5.51,76,2.67,77,2.97
M,233,Salah,13.2,13.1,Liverpool,83,8.52,81,6.98,78,13.28,76,6.66,75,7.39
D,234,Robertson,7.3,7.3,Liverpool,87,5.54,85,4.72,84,8.94,80,4.22,80,5.33
F,235,Origi,4.8,4.8,Liverpool,0,0.00,0,0.00,0,0.01,0,0.03,0,0.00
M,236,Minamino,5.1,5.1,Liverpool,3,0.32,5,0.39,5,0.78,6,0.50,5,0.45
D,237,Alexander-Arnold,8.4,8.4,Liverpool,87,6.30,85,5.30,84,10.03,82,4.89,83,6.12
D,238,Gomez,4.7,4.7,Liverpool,2,0.09,3,0.15,4,0.38,6,0.24,4,0.17
M,239,Keita,5.0,5.0,Liverpool,13,0.74,19,1.02,19,2.04,24,1.25,22,1.20
M,240,Jota,8.3,8.3,Liverpool,47,3.50,47,3.15,44,5.80,51,3.38,49,3.65
D,241,Phillips,4.2,4.2,Liverpool,0,0.00,0,0.00,0,0.00,0,0.00,0,0.00
G,242,Kelleher,4.3,4.3,Liverpool,0,0.00,0,0.02,1,0.14,2,0.07,1,0.04
D,243,Konaté,5.1,5.1,Liverpool,6,0.28,12,0.51,20,1.77,23,1.00,20,1.05
M,244,Jones,5.0,5.0,Liverpool,4,0.31,7,0.43,10,1.03,9,0.51,10,0.54
D,245,Tsimikas,3.7,3.7,Liverpool,2,0.07,3,0.11,2,0.19,4,0.19,8,0.42
D,246,N.Williams,3.8,3.8,Liverpool,0,0.00,0,0.00,0,0.00,0,0.00,0,0.00
D,247,R.Williams,4.4,4.4,Liverpool,0,0.00,0,0.00,0,0.00,0,0.00,0,0.00
D,248,Davies,4.0,4.0,Liverpool,0,0.00,0,0.00,0,0.00,0,0.00,0,0.00
D,249,Walker,5.4,5.4,Man City,53,3.06,60,2.77,62,6.64,62,2.87,63,3.34
M,250,Gündogan,7.1,7.1,Man City,39,2.73,38,2.37,44,5.42,45,2.62,49,3.10
M,251,De Bruyne,11.8,11.8,Man City,78,6.00,79,5.21,74,9.79,71,4.43,71,5.01
D,252,Stones,5.2,5.2,Man City,73,4.45,28,1.42,32,3.60,33,1.66,38,2.14
D,253,Mendy,5.2,5.2,Man City,0,0.00,0,0.00,0,0.00,0,0.00,0,0.00
M,254,Mahrez,8.6,8.6,Man City,53,5.11,50,4.16,54,8.86,52,3.94,54,4.67
M,255,Sterling,10.5,10.5,Man City,51,4.60,45,3.57,50,7.76,46,3.34,48,3.92
D,256,Cancelo,7.1,7.1,Man City,80,5.68,73,4.18,73,9.31,71,3.89,71,4.55
G,257,Ederson,6.1,6.1,Man City,90,4.81,90,4.19,88,8.97,88,4.14,87,4.43
D,258,Aké,4.7,4.7,Man City,41,2.62,34,1.77,32,3.76,36,1.84,31,1.85
D,259,Laporte,5.9,5.9,Man City,88,5.63,74,3.90,71,8.35,67,3.46,69,4.07
G,260,Steffen,4.4,4.4,Man City,0,0.00,0,0.00,1,0.06,1,0.05,1,0.06
M,261,Bernardo,7.0,7.0,Man City,66,3.75,67,3.36,65,6.57,63,2.98,63,3.40
D,262,Dias,6.1,6.1,Man City,6,0.34,77,3.84,74,8.38,74,3.64,72,4.11
F,263,Jesus,8.4,8.4,Man City,52,3.87,46,3.09,48,6.25,48,2.97,45,3.16
D,264,Zinchenko,5.3,5.3,Man City,18,1.01,15,0.68,15,1.47,17,0.79,16,0.82
M,265,Foden,7.8,7.8,Man City,65,5.01,70,4.62,64,8.50,67,4.09,66,4.62
M,266,Rodrigo,5.5,5.5,Man City,86,3.62,80,3.00,79,6.13,81,2.92,76,3.04
M,267,Harrison,5.5,5.5,Leeds,75,3.10,73,2.62,71,5.60,72,3.40,66,2.92
M,268,Torres,6.7,6.7,Man City,0,0.00,0,0.00,0,0.00,0,0.00,0,0.00
F,269,Cavani,8.4,8.4,Man Utd,3,0.35,15,0.97,15,0.90,0,0.00,26,1.48
G,270,de Gea,5.1,5.1,Man Utd,90,6.96,89,3.99,89,3.66,0,0.00,88,3.63
M,271,Matic,4.3,4.3,Man Utd,69,4.08,42,1.54,38,1.33,0,0.00,30,1.10
M,272,Pogba,7.4,7.4,Man Utd,25,2.04,47,2.33,57,2.39,0,0.00,56,2.53
D,273,Maguire,5.4,5.4,Man Utd,85,5.12,79,3.46,74,2.58,0,0.00,71,2.49
M,274,Fred,4.9,4.9,Man Utd,2,0.18,23,0.91,32,1.14,0,0.00,55,1.85
D,275,Shaw,5.0,5.0,Man Utd,0,0.00,0,0.00,0,0.00,0,0.00,34,1.42
M,276,Lingard,6.7,6.7,Man Utd,9,1.06,9,0.61,6,0.38,0,0.00,7,0.46
M,277,Fernandes,11.6,11.6,Man Utd,84,7.57,83,5.14,82,4.05,0,0.00,76,3.92
F,278,Martial,7.6,7.6,Man Utd,0,0.00,0,0.00,0,0.00,0,0.00,0,0.00
D,279,Telles,5.1,5.0,Man Utd,78,5.99,78,4.32,73,3.24,0,0.00,48,2.18
G,280,Henderson,4.7,4.7,Man Utd,0,0.01,1,0.05,1,0.03,0,0.00,1,0.03
M,281,Rashford,9.4,9.4,Man Utd,46,4.89,43,2.89,42,2.33,0,0.00,45,2.52
M,282,van de Beek,5.7,5.7,Everton,40,1.37,46,1.70,46,3.63,43,3.59,43,1.54
D,283,Tuanzebe,4.4,4.4,Man Utd,0,0.00,0,0.00,0,0.00,0,0.00,0,0.00
D,284,Lindelöf,4.8,4.8,Man Utd,50,3.04,27,1.21,29,1.06,0,0.00,34,1.24
M,285,McTominay,5.4,5.4,Man Utd,67,4.21,73,2.61,69,2.23,0,0.00,67,2.18
D,286,Bailly,4.9,4.9,Man Utd,1,0.05,1,0.04,2,0.05,0,0.00,1,0.04
M,287,James,6.0,6.0,Leeds,77,3.15,71,2.51,70,5.41,66,3.10,59,2.54
D,288,Wan-Bissaka,5.1,5.1,Man Utd,20,1.32,24,1.08,28,1.03,0,0.00,28,1.04
M,289,Greenwood,7.1,7.1,Man Utd,0,0.00,0,0.00,0,0.00,0,0.00,0,0.00
D,290,Williams,3.9,3.9,Norwich,80,2.42,76,1.49,75,3.32,73,1.81,73,1.41
M,291,Shelvey,5.3,5.3,Newcastle,80,2.96,77,2.25,74,1.94,72,2.31,73,2.49
D,292,Ritchie,4.9,4.9,Newcastle,2,0.09,3,0.09,3,0.08,3,0.12,4,0.16
D,293,Clark,4.4,4.4,Newcastle,0,0.00,0,0.00,0,0.00,0,0.00,0,0.00
G,294,Darlow,4.5,4.5,Newcastle,0,0.00,1,0.03,1,0.03,2,0.07,2,0.10
G,295,Dubravka,4.5,4.5,Newcastle,90,3.86,89,3.19,89,3.16,88,3.43,88,3.67
F,296,Wilson,7.1,7.1,Newcastle,1,0.04,3,0.20,7,0.34,7,0.46,10,0.68
M,297,Hendrick,4.8,4.8,Newcastle,0,0.00,0,0.00,0,0.00,0,0.00,0,0.00
M,298,Fraser,5.3,5.3,Newcastle,30,1.57,48,1.89,56,1.94,54,2.34,56,2.54
D,299,Lascelles,4.4,4.4,Newcastle,2,0.09,8,0.21,10,0.18,14,0.46,14,0.49
F,300,Gayle,5.2,5.2,Newcastle,0,0.01,1,0.06,0,0.03,0,0.04,0,0.05
D,301,Dummett,4.5,4.5,Newcastle,0,0.01,2,0.05,1,0.02,2,0.05,1,0.04
D,302,Manquillo,3.9,3.9,Newcastle,2,0.08,3,0.08,3,0.08,4,0.14,3,0.10
D,303,Krafth,4.3,4.3,Newcastle,87,3.24,75,1.54,47,0.70,20,0.67,25,0.93
M,304,Murphy,4.7,4.7,Newcastle,16,0.89,19,0.87,16,0.70,15,0.76,23,1.17
D,305,Schär,4.4,4.4,Newcastle,89,3.74,86,1.78,84,1.08,82,2.58,82,3.02
M,306,Hayden,4.5,4.5,Newcastle,0,0.00,0,0.00,0,0.00,0,0.00,0,0.00
F,307,Saint-Maximin,6.8,6.8,Newcastle,81,3.65,69,2.46,74,2.32,70,2.71,66,2.79
M,308,Almirón,5.0,5.0,Newcastle,50,2.52,43,1.73,35,1.35,40,1.82,39,1.86
M,309,S.Longstaff,4.3,4.3,Newcastle,6,0.33,6,0.28,6,0.26,7,0.33,7,0.34
F,310,Joelinton,5.8,5.8,Newcastle,65,2.33,67,1.99,59,1.67,64,2.05,60,2.04
D,311,Lewis,4.2,4.2,Newcastle,0,0.00,0,0.00,0,0.00,0,0.00,0,0.00
M,312,M.Longstaff,4.5,4.5,Newcastle,0,0.00,0,0.00,0,0.00,0,0.00,0,0.00
G,313,McGovern,3.9,3.9,Norwich,0,0.00,0,0.00,0,0.01,0,0.00,0,0.00
G,314,Krul,4.5,4.5,Norwich,90,3.52,90,3.23,88,6.44,87,3.21,88,3.14
F,315,Pukki,6.0,5.9,Norwich,84,4.31,81,3.44,79,7.35,80,3.37,76,3.29
M,316,Stiepermann,5.0,5.0,Norwich,0,0.00,0,0.00,0,0.00,0,0.00,0,0.00
M,317,Rupp,4.4,4.4,Norwich,20,0.91,24,0.99,26,2.13,27,1.06,31,1.16
M,318,McLean,4.9,4.9,Norwich,79,2.57,77,2.25,75,4.60,75,2.25,70,2.08
D,319,Hanley,4.4,4.4,Norwich,89,2.67,85,1.62,86,3.73,84,2.05,77,1.47
M,320,Hernández,4.9,4.9,Norwich,0,0.00,0,0.00,0,0.00,0,0.00,0,0.00
D,321,Byram,4.4,4.4,Norwich,52,1.74,55,1.18,57,2.77,55,1.45,55,1.16
F,322,Hugill,5.4,5.4,Norwich,0,0.00,0,0.00,0,0.00,0,0.00,0,0.00
M,323,Dowell,5.1,5.1,Norwich,64,2.96,54,2.22,48,4.24,50,2.08,46,1.93
D,324,Zimmermann,4.4,4.4,Norwich,1,0.04,4,0.08,4,0.16,4,0.09,4,0.08
M,325,Cantwell,5.3,5.3,Norwich,0,0.00,0,0.00,0,0.00,0,0.00,0,0.00
D,326,Aarons,4.3,4.3,Norwich,38,1.27,36,0.84,33,1.74,35,1.00,34,0.79
D,327,Sørensen,4.3,4.3,Norwich,2,0.07,3,0.08,4,0.27,5,0.17,4,0.13
M,328,Placheta,4.7,4.7,Norwich,11,0.58,8,0.44,6,0.79,8,0.45,9,0.48
F,329,Idah,4.9,4.9,Norwich,0,0.00,0,0.00,0,0.00,0,0.00,0,0.00
M,330,Martin,5.0,5.0,Norwich,0,0.00,0,0.00,0,0.00,0,0.00,0,0.00
D,331,Omobamidele,3.9,3.9,Norwich,0,0.00,0,0.00,0,0.00,0,0.00,0,0.00
M,332,Walcott,5.8,5.8,Southampton,2,0.19,4,0.31,5,0.34,6,0.39,4,0.29
G,333,Forster,4.4,4.4,Southampton,22,0.89,27,1.12,25,0.97,22,0.78,25,0.94
G,334,McCarthy,4.3,4.3,Southampton,68,2.67,63,2.70,65,2.60,68,2.44,65,2.49
M,335,Romeu,4.5,4.5,Southampton,83,2.27,78,2.35,77,2.19,75,1.92,76,2.13
M,336,Redmond,5.9,5.9,Southampton,35,1.65,38,1.99,38,1.83,37,1.55,38,1.85
F,337,Ings,7.7,7.7,Aston Villa,64,3.59,58,4.18,62,6.07,59,6.95,61,2.32
D,338,Stephens,4.4,4.4,Southampton,1,0.02,1,0.03,2,0.05,1,0.03,1,0.03
M,339,S.Armstrong,5.8,5.8,Southampton,62,2.46,66,2.92,58,2.41,60,2.15,58,2.44
D,340,Vestergaard,4.7,4.7,Leicester,0,0.02,1,0.05,3,0.27,3,0.21,5,0.21
M,341,Ward-Prowse,6.4,6.4,Southampton,85,3.44,80,3.82,81,3.49,77,2.78,74,3.24
D,342,Walker-Peters,4.8,4.8,Southampton,76,2.51,68,2.79,71,2.42,68,1.45,67,2.10
D,343,Bednarek,4.4,4.4,Southampton,87,2.66,84,3.21,81,2.57,79,1.56,78,2.27
F,344,Nlundulu,4.5,4.5,Southampton,0,0.00,0,0.00,0,0.00,0,0.00,0,0.00
F,345,Adams,6.8,6.8,Southampton,74,3.34,70,3.66,70,3.38,70,2.85,66,3.24
M,346,Tella,4.7,4.7,Southampton,6,0.36,8,0.51,6,0.39,10,0.49,11,0.59
M,347,Smallbone,4.5,4.5,Southampton,1,0.04,1,0.10,2,0.15,3,0.19,3,0.19
F,348,Obafemi,4.5,4.5,Southampton,0,0.00,0,0.00,0,0.00,0,0.00,0,0.00
M,349,Diallo,4.5,4.5,Southampton,22,0.85,28,1.08,28,1.02,32,1.06,36,1.24
M,350,Djenepo,5.2,5.2,Southampton,7,0.43,11,0.59,9,0.51,7,0.40,10,0.55
D,351,Salisu,4.5,4.5,Southampton,63,1.89,61,2.28,56,1.72,57,1.10,62,1.74
G,352,Hart,4.5,4.5,Spurs,0,0.00,0,0.00,0,0.00,0,0.00,0,0.00
G,353,Lloris,5.4,5.4,Spurs,90,3.83,90,3.96,88,6.79,88,4.19,88,4.00
M,354,Sissoko,4.4,4.4,Watford,86,2.13,80,2.81,82,5.18,77,2.61,78,2.10
D,355,Alderweireld,5.0,5.0,Spurs,0,0.00,0,0.00,0,0.00,0,0.00,0,0.00
M,356,Lamela,6.0,6.0,Spurs,0,0.00,0,0.00,0,0.00,0,0.00,0,0.00
F,357,Kane,12.6,12.6,Spurs,87,5.71,79,6.19,81,8.65,80,6.28,75,6.04
D,358,Aurier,4.9,4.9,Spurs,0,0.00,0,0.00,0,0.00,0,0.00,0,0.00
M,359,Son,11.1,10.9,Spurs,79,5.45,78,6.32,76,8.58,74,6.13,74,6.34
D,360,Doherty,4.8,4.7,Spurs,0,0.00,0,0.00,0,0.00,0,0.00,0,0.00
D,361,Dier,4.6,4.6,Spurs,88,3.44,85,3.68,86,4.89,82,4.00,81,3.75
M,362,Lucas Moura,6.0,6.0,Spurs,28,1.57,32,2.03,32,3.20,38,2.36,41,2.62
M,363,Dele,6.2,6.2,Everton,5,0.29,8,0.47,11,1.21,12,1.37,11,0.56
D,364,Davies,4.4,4.4,Spurs,89,3.41,85,3.67,84,4.74,82,4.00,82,3.78
M,365,Højbjerg,4.8,4.8,Spurs,87,2.75,83,2.84,80,4.60,78,2.82,76,2.74
M,366,Winks,4.4,4.4,Spurs,8,0.31,8,0.34,5,0.41,4,0.18,5,0.24
D,367,Sánchez,4.3,4.3,Spurs,3,0.15,10,0.44,11,0.67,15,0.73,16,0.73
D,368,Sessegnon,4.3,4.3,Spurs,25,1.35,26,1.51,26,2.21,25,1.60,27,1.64
M,369,Bergwijn,5.9,5.9,Spurs,16,0.96,22,1.41,26,2.62,26,1.68,31,2.03
D,370,Reguilón,5.1,5.1,Spurs,65,3.25,65,3.63,64,4.79,64,3.94,63,3.72
D,371,Tanganga,4.2,4.2,Spurs,0,0.00,0,0.00,0,0.00,0,0.00,0,0.00
M,372,Lo Celso,5.9,5.9,Spurs,0,0.00,0,0.00,0,0.00,0,0.00,0,0.00
M,373,Skipp,4.4,4.4,Spurs,1,0.03,25,0.87,40,2.49,44,1.56,44,1.57
D,374,Rodon,4.2,4.2,Spurs,1,0.03,1,0.03,2,0.17,4,0.21,1,0.06
M,375,Ndombele,5.7,5.7,Spurs,0,0.00,0,0.00,0,0.00,0,0.00,0,0.00
G,376,Foster,4.1,4.1,Watford,90,3.18,88,3.75,88,6.88,88,3.46,88,3.08
D,377,Rose,4.2,4.2,Watford,0,0.00,0,0.00,0,0.00,0,0.00,0,0.00
M,378,Gosling,4.7,4.7,Watford,0,0.02,1,0.05,1,0.10,1,0.06,1,0.07
D,379,Cathcart,4.3,4.3,Watford,5,0.10,14,0.53,18,1.10,17,0.55,18,0.36
F,380,Deeney,5.4,5.4,Watford,0,0.00,0,0.00,0,0.00,0,0.00,0,0.00
M,381,Cleverley,4.8,4.8,Watford,19,0.79,22,1.14,26,2.41,31,1.43,32,1.22
D,382,Femenía,4.3,4.3,Watford,85,0.99,82,3.58,79,5.48,81,2.97,79,1.55
F,383,Gray,5.4,5.4,Watford,0,0.00,0,0.00,0,0.00,0,0.00,0,0.00
D,384,Kabasele,4.3,4.3,Watford,89,0.86,84,3.22,82,4.98,78,2.51,80,1.40
M,385,Chalobah,5.0,5.0,Watford,0,0.00,0,0.00,0,0.00,0,0.00,0,0.00
M,386,Hughes,4.7,4.7,Crystal Palace,17,0.85,26,1.11,25,1.23,32,2.66,30,1.27
D,387,Troost-Ekong,4.3,4.3,Watford,0,0.01,1,0.06,1,0.11,3,0.10,2,0.06
F,388,Perica,4.5,4.5,Watford,0,0.00,0,0.00,0,0.00,0,0.00,0,0.00
G,389,Bachmann,4.1,4.1,Watford,0,0.01,1,0.05,1,0.08,1,0.04,1,0.05
D,390,Masina,4.3,4.3,Watford,1,0.02,2,0.06,2,0.13,3,0.10,3,0.08
M,391,Sema,5.2,5.2,Watford,3,0.17,3,0.22,3,0.42,3,0.24,3,0.19
M,392,Zinckernagel,5.5,5.5,Watford,0,0.00,0,0.00,0,0.00,0,0.00,0,0.00
F,393,Success,5.0,5.0,Watford,0,0.00,0,0.00,0,0.00,0,0.00,0,0.00
M,394,Dele-Bashiru,4.5,4.5,Watford,0,0.00,0,0.00,0,0.00,0,0.00,0,0.00
F,395,Fletcher,4.8,4.8,Watford,0,0.00,0,0.00,0,0.00,0,0.00,0,0.00
D,396,Sierralta,4.3,4.3,Watford,0,0.00,0,0.02,1,0.06,2,0.09,1,0.04
M,397,Quina,4.5,4.5,Watford,0,0.00,0,0.00,0,0.00,0,0.00,0,0.00
D,398,Navarro,4.0,4.0,Watford,0,0.00,0,0.00,0,0.00,0,0.00,0,0.00
M,399,Sarr,5.7,5.7,Watford,82,2.60,79,4.12,80,7.27,79,3.93,79,2.78
D,400,Ngakia,4.2,4.2,Watford,4,0.09,6,0.26,6,0.44,6,0.23,7,0.20
D,401,Wilmot,4.5,4.5,Watford,0,0.00,0,0.00,0,0.00,0,0.00,0,0.00
M,402,Hungbo,4.5,4.5,Watford,0,0.00,0,0.00,0,0.00,0,0.00,0,0.00
M,403,Louza,5.2,5.2,Watford,82,2.07,77,2.75,75,4.93,73,2.49,72,2.02
F,404,João Pedro,5.4,5.4,Watford,73,2.33,70,3.31,67,5.77,62,2.94,64,2.25
M,405,Baah,4.3,4.3,Watford,0,0.01,1,0.05,1,0.17,1,0.10,1,0.04
M,406,Noble,4.3,4.3,West Ham,7,0.30,11,0.53,12,0.66,14,0.59,12,0.59
G,407,Randolph,4.3,4.3,West Ham,0,0.00,0,0.01,1,0.03,1,0.04,2,0.07
G,408,Fabianski,5.0,5.0,West Ham,90,3.23,89,3.50,87,3.74,89,3.17,86,3.40
D,409,Ogbonna,4.9,4.9,West Ham,0,0.00,0,0.00,0,0.00,0,0.00,0,0.00
D,410,Reid,3.9,3.9,West Ham,0,0.00,0,0.00,0,0.00,0,0.00,0,0.00
D,411,Cresswell,5.5,5.5,West Ham,87,2.20,86,3.08,82,3.95,77,1.84,81,2.91
M,412,Yarmolenko,5.1,5.1,West Ham,8,0.47,9,0.58,12,0.83,10,0.53,16,0.88
F,413,Antonio,7.5,7.5,West Ham,81,2.98,81,3.54,78,4.28,77,2.80,75,3.19
D,414,Dawson,4.9,4.9,West Ham,89,1.96,86,2.76,83,3.55,77,1.57,77,2.49
D,415,Fredericks,4.4,4.4,West Ham,10,0.30,5,0.20,5,0.22,7,0.20,6,0.24
M,416,Lanzini,5.6,5.6,West Ham,67,2.58,70,3.07,67,3.65,65,2.42,65,2.79
D,417,Masuaku,4.4,4.4,West Ham,8,0.26,3,0.12,3,0.12,5,0.16,4,0.15
D,418,Coufal,4.7,4.7,West Ham,33,0.90,33,1.21,35,1.59,37,0.92,36,1.29
M,419,Benrahma,5.9,5.9,West Ham,36,1.66,31,1.70,36,2.31,40,1.78,42,2.08
M,420,Bowen,6.9,6.9,West Ham,82,3.36,80,4.00,77,4.84,80,3.13,75,3.60
M,421,Rice,5.0,5.0,West Ham,86,2.26,85,2.48,82,2.75,81,2.12,80,2.33
M,422,Soucek,5.7,5.7,West Ham,87,2.67,82,2.94,83,3.60,81,2.46,79,2.75
M,423,Fornals,6.0,6.0,West Ham,76,2.60,73,2.92,69,3.35,67,2.28,66,2.60
D,424,Diop,4.2,4.2,West Ham,18,0.43,26,0.87,21,0.89,28,0.64,26,0.88
D,425,Johnson,3.9,3.9,West Ham,61,1.45,56,1.86,55,2.30,52,1.15,52,1.73
M,426,Moutinho,4.9,4.9,Wolves,85,3.07,82,2.93,80,4.68,80,3.45,77,2.10
G,427,Patrício,5.0,5.0,Wolves,0,0.00,0,0.00,0,0.00,0,0.00,0,0.00
D,428,Boly,4.9,4.9,Wolves,67,2.59,67,2.71,69,3.12,67,3.32,67,1.06
D,429,Coady,4.8,4.8,Wolves,88,3.17,86,3.24,83,3.44,86,3.92,84,1.19
F,430,Jiménez,7.5,7.5,Wolves,76,4.13,68,3.63,68,5.46,67,4.71,64,2.43
D,431,Saïss,4.9,4.9,Wolves,30,1.28,36,1.56,36,1.69,33,1.80,39,0.65
D,432,Marçal,4.2,4.2,Wolves,62,2.64,64,2.82,58,2.96,59,3.19,57,1.07
D,433,Jonny,4.5,4.5,Wolves,45,1.99,42,1.89,41,2.17,43,2.38,41,0.83
M,434,Dendoncker,4.7,4.7,Wolves,55,2.09,52,1.95,47,2.94,40,1.86,33,1.05
M,435,Traoré,5.6,5.6,Wolves,0,0.00,0,0.00,0,0.00,0,0.00,0,0.00
M,436,Neves,5.2,5.2,Wolves,0,0.00,0,0.00,5,0.32,27,1.23,54,1.47
D,437,Semedo,4.8,4.8,Wolves,52,2.23,50,2.22,51,2.55,48,2.61,51,0.93
M,438,Podence,5.5,5.5,Wolves,58,2.74,57,2.64,59,4.31,59,3.31,53,1.91
D,439,Kilman,4.5,4.5,Wolves,84,3.21,79,3.22,79,3.45,79,3.90,77,1.20
M,440,Gibbs-White,4.5,4.5,Wolves,0,0.00,0,0.00,0,0.00,0,0.00,0,0.00
M,441,Neto,6.2,6.2,Wolves,19,1.09,22,1.22,25,2.29,22,1.51,27,1.17
M,442,Otasowie,4.5,4.5,Wolves,0,0.00,0,0.00,0,0.00,0,0.00,0,0.00
D,443,Hoever,3.9,3.9,Wolves,1,0.05,7,0.29,8,0.43,10,0.47,10,0.23
G,444,Söndergaard,3.9,3.9,Wolves,0,0.00,0,0.00,0,0.00,0,0.00,0,0.00
F,445,Fabio Silva,5.6,5.6,Wolves,19,1.14,24,1.39,24,2.24,24,1.73,27,1.19
D,446,Mosquera,4.4,4.4,Wolves,0,0.00,0,0.01,1,0.04,1,0.06,0,0.01
F,447,Welbeck,5.9,5.9,Brighton,50,2.62,50,2.36,50,2.47,46,2.37,55,2.85
G,448,Gunn,4.0,4.0,Norwich,0,0.00,0,0.01,1,0.08,3,0.11,2,0.06
M,449,Rashica,5.2,5.2,Norwich,80,3.48,75,2.84,73,5.99,71,2.77,68,2.65
F,450,Dennis,5.8,5.8,Watford,72,2.21,65,2.94,62,5.07,64,2.80,55,1.91
D,451,Collins,4.3,4.3,Burnley,40,1.56,28,1.01,19,0.68,21,1.09,21,0.81
G,452,Ruddy,4.3,4.3,Wolves,0,0.00,1,0.04,1,0.06,1,0.07,1,0.04
M,453,Fernandinho,4.7,4.7,Man City,6,0.31,10,0.44,12,1.05,14,0.62,16,0.75
D,454,Pollock,4.0,4.0,Watford,0,0.00,0,0.00,0,0.00,0,0.00,0,0.00
F,455,Daka,7.0,7.0,Leicester,31,1.81,26,1.30,23,3.28,22,2.48,22,1.42
D,456,Gibson,4.4,4.4,Norwich,88,2.52,84,1.55,85,3.52,82,1.92,73,1.35
D,457,Giannoulis,4.4,4.4,Norwich,11,0.40,14,0.40,16,0.96,19,0.62,17,0.47
M,458,Soumaré,4.8,4.8,Leicester,11,0.47,15,0.62,18,1.55,19,1.51,20,0.83
M,459,Mata,4.7,4.7,Man Utd,5,0.65,3,0.24,3,0.25,0,0.00,2,0.18
D,460,Perraud,4.8,4.8,Southampton,55,1.96,56,2.47,49,1.85,52,1.26,56,1.92
M,461,Trincão,5.6,5.6,Wolves,37,1.89,41,2.02,39,3.18,36,2.17,35,1.39
M,462,Mwepu,5.9,5.9,Brighton,61,2.45,56,2.12,46,1.82,51,1.97,47,1.94
D,463,Firpo,4.7,4.7,Leeds,21,0.74,32,0.76,39,2.28,42,1.75,41,1.46
M,464,Olise,5.4,5.4,Crystal Palace,34,1.86,35,1.66,41,2.22,34,3.20,37,1.74
D,465,Fernández,4.3,4.3,Newcastle,0,0.01,1,0.03,2,0.03,2,0.06,3,0.08
D,466,Tavares,4.3,4.3,Arsenal,66,2.77,55,2.31,54,4.61,44,1.99,41,2.20
M,467,Etebo,4.3,4.3,Watford,1,0.06,2,0.12,2,0.21,2,0.12,3,0.16
F,468,King,5.6,5.6,Watford,34,1.33,47,2.41,45,4.27,41,2.14,30,1.27
F,469,Mebude,4.5,4.5,Watford,0,0.00,0,0.00,0,0.00,0,0.00,0,0.00
D,470,Ait Nouri,4.2,4.2,Wolves,19,0.84,20,0.89,24,1.33,22,1.23,23,0.51
M,471,Lees-Melou,4.8,4.8,Norwich,53,2.21,47,1.82,45,3.59,45,1.75,44,1.71
F,472,Cucho,5.1,5.1,Watford,0,0.00,0,0.00,4,0.45,15,0.84,35,1.34
D,473,Bertrand,4.6,4.6,Leicester,0,0.00,0,0.00,0,0.00,0,0.00,0,0.00
D,474,Ward,4.5,4.5,Crystal Palace,15,0.55,20,0.62,24,1.07,26,1.73,26,0.85
G,475,Sá,5.3,5.3,Wolves,90,3.99,89,3.99,89,6.49,88,4.22,88,3.15
G,476,Scherpen,4.5,4.5,Brighton,0,0.00,0,0.00,0,0.00,0,0.00,0,0.00
D,477,Guéhi,4.5,4.5,Crystal Palace,89,3.30,84,2.48,84,3.79,83,5.27,82,2.52
M,478,Sambi Lokonga,4.8,4.8,Arsenal,63,2.08,62,2.00,60,4.00,61,2.03,52,1.92
M,479,Onyeka,4.9,4.9,Brentford,5,0.25,14,0.62,16,0.74,16,0.73,19,0.91
G,480,Hennessey,4.5,4.5,Burnley,0,0.01,0,0.00,1,0.03,1,0.05,1,0.05
G,481,Begović,4.0,4.0,Everton,0,0.00,1,0.03,2,0.13,1,0.09,1,0.04
M,482,Townsend,5.2,5.2,Everton,0,0.00,0,0.00,0,0.00,0,0.00,0,0.00
D,483,Ajer,4.4,4.4,Brentford,84,2.31,77,1.77,76,2.75,77,2.46,71,2.63
M,484,Gray,5.5,5.5,Everton,59,2.19,59,2.57,55,5.42,57,5.97,57,2.34
M,485,Sancho,8.9,8.9,Man Utd,80,7.61,73,4.53,73,3.72,0,0.00,68,3.51
G,486,Gollini,4.2,4.2,Spurs,0,0.00,0,0.00,1,0.07,1,0.04,1,0.03
M,487,Bryan,5.7,5.7,Spurs,0,0.00,0,0.00,0,0.00,0,0.00,0,0.00
D,488,Andersen,4.6,4.6,Crystal Palace,89,3.38,86,2.55,84,3.90,84,5.36,80,2.51
G,489,Areola,4.7,4.7,West Ham,0,0.00,0,0.01,1,0.06,0,0.00,1,0.06
G,490,Klaesson,4.3,4.3,Leeds,1,0.03,2,0.06,2,0.14,3,0.11,3,0.13
D,491,Livramento,4.3,4.3,Southampton,30,1.13,38,1.71,37,1.38,40,0.99,38,1.33
M,492,Bailey,6.3,6.3,Aston Villa,21,1.30,30,2.20,24,2.68,27,3.40,28,1.22
D,493,Clyne,4.3,4.3,Crystal Palace,77,3.00,73,2.25,70,3.25,66,4.36,67,2.15
D,494,Romero,4.8,4.8,Spurs,88,3.25,84,3.49,82,4.43,82,3.85,81,3.64
M,495,Kucka,5.5,5.5,Watford,73,1.92,73,2.67,69,4.66,67,2.39,66,1.89
M,496,Ramsey,4.4,4.4,Aston Villa,0,0.00,0,0.00,0,0.00,0,0.00,0,0.00
M,497,Philogene-Bidace,5.0,5.0,Aston Villa,0,0.00,0,0.00,0,0.00,0,0.00,0,0.00
D,498,Thompson,4.4,4.4,Brentford,0,0.00,0,0.00,0,0.00,0,0.00,0,0.00
M,499,Baptiste,4.9,4.9,Brentford,3,0.20,3,0.21,4,0.27,4,0.28,6,0.36
F,500,Andone,5.0,5.0,Brighton,0,0.00,0,0.00,0,0.00,0,0.00,0,0.00
D,501,Sarr,4.9,4.9,Chelsea,12,0.91,15,0.60,25,2.32,17,0.76,16,0.80
D,502,Kenny,4.4,4.4,Everton,11,0.19,19,0.58,18,1.19,22,1.75,21,0.55
M,503,Gordon,4.6,4.6,Everton,65,2.24,63,2.57,67,5.97,63,6.12,60,2.31
M,504,Gbamin,4.4,4.4,Everton,0,0.00,0,0.00,0,0.00,0,0.00,0,0.00
M,505,Dewsbury-Hall,4.4,4.4,Leicester,68,2.48,66,2.09,69,5.83,68,4.58,68,2.56
M,506,Elliott,5.3,5.3,Liverpool,1,0.09,1,0.09,1,0.19,1,0.10,2,0.18
M,507,Palmer,4.5,4.5,Man City,0,0.03,1,0.06,1,0.22,2,0.14,3,0.25
M,508,Edozie,4.7,4.7,Man City,0,0.01,1,0.04,1,0.04,1,0.06,1,0.07
G,509,Heaton,3.9,3.9,Man Utd,0,0.00,0,0.00,0,0.00,0,0.00,0,0.00
D,510,Dalot,4.2,4.2,Man Utd,79,5.03,75,3.48,73,2.69,0,0.00,66,2.45
M,511,Pereira,5.0,5.0,Man Utd,0,0.00,0,0.00,0,0.00,0,0.00,0,0.00
M,512,Elanga,4.8,4.8,Man Utd,70,6.04,66,3.52,65,2.96,0,0.00,59,2.75
G,513,Woodman,4.3,4.3,Newcastle,0,0.00,0,0.00,0,0.00,0,0.00,0,0.00
G,514,Gillespie,3.9,3.9,Newcastle,0,0.00,0,0.00,0,0.00,0,0.02,0,0.00
D,515,Mumba,3.9,3.9,Norwich,0,0.00,0,0.00,0,0.00,0,0.00,0,0.00
F,516,Sargent,5.4,5.4,Norwich,16,0.74,41,1.53,58,4.40,55,2.01,61,2.19
M,517,Elyounoussi,5.4,5.4,Southampton,58,2.58,54,2.80,60,2.82,56,2.25,50,2.41
F,518,Broja,5.5,5.5,Southampton,63,2.83,55,2.89,61,2.91,56,2.34,57,2.79
F,519,Long,5.4,5.4,Southampton,6,0.40,10,0.62,8,0.53,12,0.63,12,0.71
F,520,Scarlett,4.5,4.5,Spurs,0,0.00,1,0.10,1,0.16,1,0.11,1,0.10
D,521,Alves,4.0,4.0,West Ham,0,0.00,0,0.00,0,0.00,0,0.00,0,0.00
M,522,Coventry,4.5,4.5,West Ham,0,0.00,0,0.00,0,0.00,0,0.00,0,0.00
F,523,Cutrone,5.0,5.0,Wolves,0,0.00,0,0.00,0,0.00,0,0.00,0,0.00
M,524,Wissa,5.7,5.7,Brentford,64,3.00,59,2.57,55,3.08,50,2.52,53,3.10
F,525,A.Armstrong,5.7,5.7,Southampton,20,1.19,22,1.45,21,1.28,24,1.27,26,1.57
M,526,Chukwuemeka,4.5,4.5,Aston Villa,0,0.00,0,0.04,0,0.06,1,0.12,1,0.10
D,527,Chalobah,4.7,4.7,Chelsea,19,1.64,28,1.33,31,3.14,24,1.23,20,1.13
M,528,Tzolis,4.8,4.8,Norwich,13,0.70,11,0.55,15,1.46,13,0.62,17,0.82
F,529,Lukaku,11.4,11.4,Chelsea,27,3.60,30,1.97,34,4.71,33,2.52,33,2.59
F,530,Balogun,4.7,4.7,Arsenal,0,0.00,0,0.00,0,0.00,0,0.00,0,0.00
M,531,Nelson,5.0,5.0,Arsenal,0,0.00,0,0.00,0,0.00,0,0.00,0,0.00
G,532,Hein,4.0,4.0,Arsenal,0,0.00,0,0.00,0,0.00,0,0.00,0,0.00
F,533,Richardson,4.5,4.5,Burnley,0,0.00,0,0.00,0,0.00,0,0.00,0,0.00
D,534,Thomas,3.9,3.9,Burnley,0,0.00,0,0.00,0,0.00,0,0.02,0,0.00
F,535,Zeqiri,4.5,4.5,Brighton,0,0.00,0,0.00,0,0.00,0,0.00,0,0.00
D,536,Karbownik,4.0,4.0,Brighton,0,0.00,0,0.00,0,0.00,0,0.00,0,0.00
M,537,Richards,4.5,4.5,Brighton,0,0.00,0,0.00,0,0.00,0,0.00,0,0.00
M,538,Caicedo,4.5,4.5,Brighton,55,2.00,37,1.41,39,1.45,43,1.61,42,1.63
D,539,Emerson,4.5,4.5,Chelsea,0,0.00,0,0.00,0,0.00,0,0.00,0,0.00
D,540,Hannam,3.9,3.9,Crystal Palace,1,0.02,1,0.02,3,0.10,2,0.09,2,0.07
M,541,Rak-Sakyi,4.4,4.4,Crystal Palace,0,0.00,0,0.03,0,0.00,0,0.05,0,0.00
F,542,Street,4.5,4.5,Crystal Palace,0,0.00,0,0.00,0,0.00,0,0.00,0,0.00
M,543,Banks,4.5,4.5,Crystal Palace,0,0.01,0,0.01,0,0.03,0,0.04,1,0.04
D,544,Branthwaite,4.0,4.0,Everton,0,0.01,2,0.06,3,0.21,4,0.35,4,0.13
F,545,Broadhead,4.5,4.5,Everton,0,0.00,0,0.00,0,0.00,0,0.00,0,0.00
D,546,Valery,3.9,3.9,Southampton,40,1.39,39,1.60,48,1.63,44,1.02,41,1.32
M,547,Cundle,4.4,4.4,Wolves,42,1.63,40,1.53,41,2.74,32,1.45,21,0.79
M,548,Campbell,4.4,4.4,Wolves,0,0.00,0,0.00,0,0.01,0,0.02,0,0.01
D,549,Marques,4.0,4.0,Wolves,0,0.00,0,0.00,0,0.00,0,0.00,0,0.00
F,550,Greenwood,4.6,4.6,Leeds,4,0.28,10,0.50,9,0.97,9,0.55,6,0.36
M,551,Summerville,4.5,4.5,Leeds,4,0.28,5,0.31,7,0.77,6,0.37,4,0.27
M,552,Forshaw,4.5,4.5,Leeds,22,0.79,25,0.83,26,1.74,26,0.95,30,1.02
M,553,Woodburn,4.5,4.5,Liverpool,0,0.00,0,0.00,0,0.00,0,0.00,0,0.00
D,554,Baptiste,3.9,3.9,West Ham,5,0.12,2,0.05,1,0.02,2,0.04,1,0.03
D,555,Varane,5.5,5.5,Man Utd,45,2.94,74,3.40,76,2.82,0,0.00,76,2.82
G,556,Fernández,4.5,4.5,Brentford,0,0.00,1,0.04,0,0.00,0,0.00,0,0.01
M,557,Tufan,5.0,5.0,Watford,0,0.00,0,0.00,0,0.00,0,0.00,0,0.00
M,558,Ødegaard,5.6,5.6,Arsenal,82,3.63,78,3.33,75,6.82,76,3.37,72,3.65
G,559,Ramsdale,5.1,5.1,Arsenal,90,3.74,89,3.76,88,7.38,89,3.88,87,4.07
D,560,Roberts,3.9,3.9,Brighton,0,0.01,0,0.01,1,0.03,1,0.04,0,0.01
G,561,Matthews,3.9,3.9,Crystal Palace,0,0.01,0,0.01,0,0.01,0,0.00,0,0.00
D,562,Drameh,3.9,3.9,Leeds,0,0.00,0,0.00,0,0.00,0,0.00,0,0.00
D,563,Cresswell,4.0,4.0,Leeds,0,0.01,1,0.02,0,0.01,1,0.02,1,0.03
F,564,Kean,6.0,6.0,Everton,0,0.00,0,0.00,0,0.00,0,0.00,0,0.00
D,565,Dodgson,3.9,3.9,Burnley,0,0.00,0,0.01,0,0.00,1,0.04,1,0.02
M,566,Doyle,4.5,4.5,Man City,0,0.00,0,0.00,0,0.00,0,0.00,0,0.00
D,567,Lyanco,4.4,4.4,Southampton,24,0.75,25,0.97,30,0.98,33,0.69,33,0.98
F,568,Archer,4.5,4.5,Aston Villa,0,0.00,0,0.00,0,0.00,0,0.00,0,0.00
D,569,Stevens,3.9,3.9,Brentford,1,0.02,1,0.04,1,0.03,1,0.03,2,0.07
D,570,Nkounkou,4.0,4.0,Everton,0,0.00,0,0.00,0,0.00,0,0.00,0,0.00
G,571,Lonergan,3.9,3.9,Everton,0,0.00,0,0.01,0,0.00,0,0.04,0,0.01
G,572,Okonkwo,3.9,3.9,Arsenal,0,0.00,0,0.00,0,0.02,0,0.00,1,0.03
G,573,Jakupovic,3.9,3.9,Leicester,0,0.01,0,0.00,1,0.09,0,0.01,0,0.01
G,574,Elliot,4.0,4.0,Watford,0,0.00,1,0.03,0,0.01,0,0.01,0,0.01
M,575,Lennon,4.8,4.8,Burnley,46,1.78,47,1.81,47,1.81,47,3.29,46,1.81
M,576,McCarron,4.4,4.4,Leeds,1,0.04,1,0.03,1,0.09,1,0.04,1,0.04
F,577,Gelhardt,4.6,4.6,Leeds,17,0.86,22,1.01,24,2.20,22,1.16,13,0.70
M,578,Cornet,5.9,5.9,Burnley,74,3.21,70,3.02,68,3.03,67,5.20,66,3.12
F,579,Ronaldo,12.2,12.2,Man Utd,61,7.15,52,3.97,51,3.13,0,0.00,44,2.81
D,580,Kabak,4.3,4.3,Norwich,0,0.00,0,0.00,0,0.00,1,0.03,21,0.45
M,581,Normann,4.5,4.5,Norwich,74,2.24,75,2.02,67,3.88,72,2.00,66,1.84
M,582,Vlasic,5.6,5.6,West Ham,12,0.61,15,0.81,18,1.16,19,0.91,21,1.12
F,583,Hwang,5.4,5.4,Wolves,56,2.59,57,2.50,53,3.89,54,2.93,50,1.81
D,584,Cucurella,4.9,4.9,Brighton,87,3.73,83,3.38,81,2.91,81,2.84,83,3.52
D,585,Roberts,4.4,4.4,Burnley,33,1.41,43,1.68,40,1.60,43,2.45,42,1.79
F,586,Edouard,6.1,6.1,Crystal Palace,22,1.45,29,1.58,29,1.88,30,3.15,30,1.71
M,587,Lookman,5.9,5.9,Leicester,38,1.99,41,1.78,43,5.26,39,3.76,38,2.16
D,588,Emerson Royal,4.5,4.5,Spurs,75,3.54,73,3.90,69,4.88,66,3.90,64,3.69
M,589,Kral,4.4,4.4,West Ham,0,0.00,1,0.03,1,0.03,2,0.07,5,0.20
D,590,Tomiyasu,4.5,4.5,Arsenal,12,0.47,34,1.35,54,4.19,58,2.41,70,3.41
F,591,Rondón,6.0,6.0,Everton,6,0.38,7,0.44,8,1.02,9,1.17,8,0.49
M,592,Saúl,4.9,4.9,Chelsea,18,1.79,17,0.86,24,2.41,14,0.73,13,0.75
G,593,Carson,3.9,3.9,Man City,0,0.00,0,0.02,1,0.04,1,0.03,2,0.09
D,594,Zanka,4.5,4.5,Brentford,8,0.24,6,0.18,8,0.28,9,0.31,12,0.42
F,595,Locadia,4.4,4.4,Brighton,0,0.00,0,0.00,0,0.00,0,0.00,0,0.00
G,596,Sinisalo,4.0,4.0,Aston Villa,0,0.01,1,0.03,1,0.04,1,0.11,2,0.08
M,597,Markanday,4.5,4.5,Spurs,0,0.00,0,0.00,0,0.00,0,0.00,0,0.00
D,598,Omole,3.9,3.9,Spurs,0,0.01,3,0.09,2,0.10,2,0.09,4,0.13
M,599,White,4.4,4.4,Newcastle,0,0.00,0,0.00,0,0.00,0,0.00,0,0.00
M,600,Kenneh,4.4,4.4,Leeds,1,0.06,1,0.08,1,0.16,1,0.07,1,0.06
M,601,McKinstry,4.3,4.3,Leeds,1,0.06,1,0.03,1,0.10,1,0.06,1,0.07
F,602,Simms,4.5,4.5,Everton,0,0.00,0,0.00,0,0.00,0,0.00,0,0.00
D,603,Mbete,3.9,3.9,Man City,0,0.01,0,0.00,0,0.01,0,0.01,1,0.03
D,604,Wilson-Esbrand,3.9,3.9,Man City,0,0.00,0,0.00,0,0.00,0,0.01,0,0.02
M,605,Lavia,4.4,4.4,Man City,0,0.00,0,0.03,1,0.09,2,0.11,1,0.09
G,606,Bettinelli,4.0,4.0,Chelsea,0,0.00,0,0.00,0,0.00,0,0.02,0,0.00
F,607,Dobbin,4.5,4.5,Everton,0,0.00,0,0.00,0,0.03,0,0.02,0,0.02
D,608,Hjelde,4.0,4.0,Leeds,1,0.03,2,0.03,3,0.12,3,0.08,3,0.08
M,609,Anderson,4.5,4.5,Newcastle,0,0.00,0,0.00,0,0.00,0,0.00,0,0.00
D,610,Bogarde,4.0,4.0,Aston Villa,1,0.02,1,0.04,0,0.03,1,0.04,1,0.03
G,611,Moulden,4.0,4.0,Wolves,0,0.00,0,0.00,0,0.00,0,0.00,0,0.00
M,612,Sarmiento,4.5,4.5,Brighton,0,0.02,0,0.01,0,0.01,0,0.02,0,0.00
M,613,Whitaker,4.5,4.5,Everton,0,0.00,0,0.02,0,0.01,0,0.03,0,0.01
M,614,Maghoma,4.5,4.5,Brentford,0,0.01,1,0.07,0,0.02,0,0.02,0,0.01
G,615,Slicker,4.0,4.0,Man City,0,0.00,0,0.00,1,0.07,0,0.02,0,0.00
G,616,Tyrer,4.0,4.0,Everton,0,0.00,0,0.01,0,0.02,0,0.03,0,0.02
D,617,Ashby,4.0,4.0,West Ham,8,0.20,1,0.04,0,0.00,1,0.03,1,0.03
D,618,Nkoulou,4.4,4.4,Watford,1,0.02,3,0.11,4,0.20,6,0.18,7,0.14
G,619,Cox,4.0,4.0,Brentford,0,0.00,0,0.01,1,0.04,0,0.01,1,0.03
M,620,Morton,4.5,4.5,Liverpool,0,0.00,0,0.00,0,0.00,0,0.02,0,0.01
G,621,Storer,4.0,4.0,Wolves,0,0.00,0,0.00,0,0.00,0,0.02,0,0.00
F,622,Tosun,5.0,5.0,Everton,0,0.00,0,0.02,0,0.02,0,0.04,0,0.01
D,623,Welch,4.0,4.0,Everton,0,0.00,0,0.01,0,0.00,0,0.02,1,0.02
M,624,Bate,4.5,4.5,Leeds,1,0.05,1,0.04,1,0.14,2,0.14,1,0.07
M,625,Gordon,4.5,4.5,Liverpool,0,0.00,0,0.01,0,0.01,0,0.00,0,0.02
D,626,Bradley,4.0,4.0,Liverpool,0,0.00,1,0.04,1,0.08,2,0.06,1,0.05
D,627,Beck,4.0,4.0,Liverpool,0,0.00,1,0.03,1,0.04,1,0.05,0,0.01
M,628,Haygarth,4.5,4.5,Brentford,0,0.01,0,0.02,1,0.05,1,0.04,0,0.01
M,629,McAtee,4.4,4.4,Man City,0,0.00,0,0.00,0,0.00,0,0.00,0,0.00
M,630,Onyango,4.5,4.5,Everton,0,0.00,0,0.01,0,0.00,0,0.01,0,0.01
M,631,Jenkins,4.5,4.5,Leeds,2,0.09,1,0.04,1,0.12,1,0.07,1,0.04
D,632,Jones,4.5,4.5,Man Utd,2,0.09,1,0.03,3,0.09,0,0.00,2,0.05
D,633,Morris,4.0,4.0,Watford,0,0.01,1,0.02,1,0.04,1,0.04,1,0.02
M,634,Perkins,4.5,4.5,West Ham,0,0.01,0,0.01,1,0.04,1,0.06,1,0.05
D,635,Bueno,4.0,4.0,Wolves,0,0.00,0,0.01,0,0.00,0,0.01,0,0.00
M,636,Diallo,5.0,5.0,Man Utd,0,0.00,0,0.00,0,0.00,0,0.00,0,0.00
G,637,Lewis,3.9,3.9,Southampton,0,0.00,0,0.00,0,0.00,0,0.00,0,0.00
M,638,Iroegbunam,4.5,4.5,Aston Villa,0,0.01,0,0.01,0,0.02,0,0.01,0,0.01
D,639,Daley-Campbell,4.0,4.0,Leicester,0,0.00,0,0.00,0,0.00,0,0.00,0,0.00
F,640,Young-Coombes,4.5,4.5,Brentford,1,0.05,0,0.03,1,0.09,0,0.01,1,0.06
G,641,Caballero,4.2,4.2,Southampton,0,0.00,0,0.00,0,0.00,0,0.00,0,0.01
G,642,Angelini,4.0,4.0,Watford,0,0.00,0,0.00,0,0.02,0,0.01,0,0.00
D,643,Tomkinson,4.0,4.0,Norwich,0,0.00,3,0.06,1,0.04,2,0.05,2,0.05
D,644,Alese,4.0,4.0,West Ham,6,0.14,4,0.12,0,0.01,2,0.04,1,0.03
D,645,Nelson,4.0,4.0,Leicester,0,0.01,0,0.01,0,0.02,1,0.03,1,0.02
M,646,Brunt,4.5,4.5,Leicester,1,0.09,1,0.07,2,0.25,3,0.29,3,0.17
M,647,McAteer,4.5,4.5,Leicester,0,0.00,0,0.00,0,0.00,0,0.00,0,0.00
M,648,Rowe,4.4,4.4,Norwich,11,0.56,11,0.52,9,0.93,9,0.45,12,0.56
F,649,Dickson-Peters,4.5,4.5,Norwich,0,0.00,0,0.00,0,0.00,0,0.00,0,0.00
G,650,Marschall,4.0,4.0,Aston Villa,0,0.00,0,0.00,0,0.00,0,0.00,0,0.00
D,651,Egan-Riley,4.0,4.0,Man City,0,0.00,0,0.00,0,0.00,0,0.00,0,0.00
M,652,Oko-Flex,4.4,4.4,West Ham,0,0.01,0,0.02,1,0.09,1,0.07,2,0.10
D,653,Turns,4.0,4.0,Brighton,0,0.01,0,0.00,0,0.01,0,0.00,2,0.05
M,654,Leonard,4.5,4.5,Brighton,0,0.02,0,0.00,0,0.02,0,0.00,1,0.04
F,655,Ferguson,4.5,4.5,Brighton,0,0.00,0,0.00,0,0.00,0,0.00,0,0.02
G,656,Pitaluga,4.0,4.0,Liverpool,0,0.00,0,0.00,1,0.05,0,0.02,1,0.04
D,657,Moore,4.0,4.0,Leeds,0,0.01,0,0.00,0,0.00,1,0.02,0,0.01
M,658,Gray,4.5,4.5,Leeds,1,0.06,2,0.09,1,0.13,1,0.06,1,0.06
G,659,Austin,4.0,4.0,Spurs,0,0.00,0,0.02,1,0.10,1,0.04,1,0.07
D,660,Quansah,4.0,4.0,Liverpool,0,0.00,0,0.01,1,0.06,1,0.04,2,0.06
M,661,Jordão,4.5,4.5,Wolves,0,0.00,0,0.00,0,0.00,0,0.00,0,0.00
M,662,Peart-Harris,4.5,4.5,Brentford,0,0.02,0,0.01,0,0.00,0,0.01,0,0.01
F,663,Kayky,5.0,5.0,Man City,0,0.01,0,0.03,1,0.07,0,0.05,1,0.08
M,664,Patino,4.5,4.5,Arsenal,1,0.05,1,0.04,1,0.15,2,0.09,2,0.13
D,665,Simeu,4.0,4.0,Southampton,0,0.00,0,0.00,0,0.00,0,0.00,0,0.00
G,666,McCracken,4.0,4.0,Norwich,0,0.00,0,0.00,0,0.03,0,0.01,0,0.01
D,667,Small,4.0,4.0,Southampton,0,0.01,0,0.00,1,0.03,1,0.02,1,0.03
M,668,White,4.4,4.4,Spurs,1,0.06,1,0.05,1,0.13,1,0.08,1,0.08
M,669,Conteh,4.5,4.5,Watford,0,0.00,0,0.00,0,0.00,0,0.00,0,0.00
D,670,Feeney,4.0,4.0,Aston Villa,2,0.04,1,0.04,1,0.05,1,0.05,2,0.03
M,671,Hall,4.5,4.5,Chelsea,0,0.00,0,0.00,0,0.00,0,0.00,0,0.00
M,672,Vale,4.5,4.5,Chelsea,0,0.00,0,0.00,0,0.00,0,0.00,0,0.00
G,673,Lössl,4.5,4.5,Brentford,0,0.00,0,0.01,0,0.00,0,0.00,1,0.05
D,674,Patterson,4.2,4.2,Everton,0,0.00,0,0.00,0,0.00,0,0.00,0,0.00
D,675,Mykolenko,4.9,4.9,Everton,68,1.05,66,1.93,66,4.52,64,5.20,64,1.59
D,676,Kamara,4.5,4.5,Watford,88,0.90,84,3.51,85,5.54,81,2.89,80,1.49
D,677,Samir,4.5,4.5,Watford,88,0.77,85,3.19,84,4.96,84,2.60,82,1.34
D,678,Trippier,4.9,4.9,Newcastle,0,0.01,13,0.35,41,0.71,69,2.38,64,2.52
M,679,Kayembe,4.6,4.6,Watford,9,0.38,16,0.73,17,1.41,18,0.79,17,0.65
M,680,Chauke,4.5,4.5,Southampton,0,0.00,1,0.04,0,0.03,1,0.04,1,0.08
M,681,Coutinho,7.1,7.1,Aston Villa,77,3.98,75,5.01,73,6.60,73,7.97,74,2.55
D,682,Ekwah,4.0,4.0,West Ham,5,0.12,4,0.12,0,0.01,2,0.04,0,0.01
M,683,Gibbs,4.5,4.5,Norwich,0,0.01,0,0.00,0,0.03,1,0.06,2,0.10
D,684,Hayden,4.0,4.0,Aston Villa,1,0.03,1,0.04,1,0.05,1,0.08,2,0.03
D,685,Toti,4.4,4.4,Wolves,0,0.01,0,0.01,0,0.01,1,0.03,1,0.03
D,686,Sanderson,4.0,4.0,Wolves,0,0.00,0,0.00,0,0.00,0,0.00,0,0.00
M,687,Giles,4.5,4.5,Wolves,0,0.00,0,0.00,0,0.00,0,0.00,0,0.00
G,688,McGill,4.0,4.0,Brighton,0,0.00,1,0.05,0,0.02,1,0.05,1,0.04
M,689,Chiquinho,5.5,5.5,Wolves,3,0.20,8,0.45,8,0.79,8,0.56,9,0.44
D,690,Kenedy,4.5,4.5,Chelsea,6,0.85,8,0.56,10,1.28,4,0.39,6,0.52
G,691,Olsen,4.0,4.0,Aston Villa,0,0.00,1,0.03,1,0.06,1,0.07,2,0.07
M,692,Hutchinson,4.5,4.5,Arsenal,1,0.03,3,0.16,1,0.17,1,0.04,2,0.13
M,693,Oulad M'hand,4.5,4.5,Arsenal,1,0.07,1,0.08,1,0.16,2,0.14,1,0.09
F,694,Biereth,4.5,4.5,Arsenal,0,0.04,1,0.07,1,0.16,1,0.05,1,0.11
D,695,Alebiosu,4.0,4.0,Arsenal,0,0.00,0,0.00,0,0.00,0,0.00,0,0.00
M,696,Luis Díaz,7.9,7.9,Liverpool,51,3.39,50,2.88,50,5.79,45,2.66,48,3.09
M,697,Bruno Guimarães,4.9,4.9,Newcastle,79,3.02,79,2.34,77,2.06,75,2.51,76,2.65
M,698,Kalu,4.9,4.9,Watford,1,0.04,1,0.09,3,0.43,2,0.19,3,0.19
M,699,Eriksen,5.6,5.6,Brentford,85,3.16,83,2.83,83,3.51,80,3.06,76,3.43
F,700,Weghorst,6.4,6.4,Burnley,74,3.61,71,3.46,68,3.47,66,5.60,67,3.47
M,701,Kulusevski,6.4,6.4,Spurs,73,3.75,70,4.08,69,5.99,68,4.04,67,4.03
M,702,Bentancur,4.9,4.9,Spurs,83,2.61,62,2.27,56,3.53,54,2.08,54,2.10
M,703,Chrisene,4.5,4.5,Aston Villa,0,0.01,0,0.01,0,0.04,0,0.04,0,0.01
F,704,Delap,4.5,4.5,Man City,0,0.00,0,0.00,0,0.00,0,0.00,0,0.00
D,705,Awe,4.0,4.0,Arsenal,1,0.04,3,0.09,2,0.11,3,0.11,1,0.04
M,706,Mejbri,4.5,4.5,Man Utd,16,1.38,7,0.42,7,0.39,0,0.00,5,0.31
M,707,De Bolle,4.4,4.4,Newcastle,0,0.00,1,0.03,1,0.03,1,0.06,1,0.03
G,708,Waller,4.0,4.0,Burnley,0,0.00,1,0.03,2,0.07,1,0.06,1,0.03
D,709,Adaramola,4.0,4.0,Crystal Palace,0,0.00,0,0.00,0,0.00,0,0.00,0,0.00
M,710,Chesters,4.5,4.5,West Ham,0,0.02,1,0.05,1,0.05,1,0.04,1,0.06
D,711,Swanson,4.0,4.0,Arsenal,3,0.08,1,0.02,2,0.16,2,0.07,1,0.06
D,712,Offiah,4.0,4.0,Brighton,1,0.03,1,0.02,0,0.01,1,0.02,0,0.01
M,713,O'Reilly,4.5,4.5,Aston Villa,0,0.00,0,0.01,0,0.01,0,0.03,0,0.01
M,714,Devine,4.5,4.5,Spurs,1,0.03,1,0.09,1,0.14,2,0.10,2,0.13
F,715,Kamara,4.5,4.5,Norwich,0,0.00,0,0.00,0,0.00,0,0.00,0,0.00
M,716,Springett,4.5,4.5,Norwich,0,0.00,0,0.00,0,0.00,0,0.00,0,0.00
M,717,Bowden,4.5,4.5,Spurs,0,0.00,0,0.00,0,0.00,0,0.00,0,0.00
M,718,Price,4.5,4.5,Everton,0,0.00,0,0.00,0,0.00,0,0.00,0,0.00
D,719,Ogungbo,4.0,4.0,Arsenal,0,0.00,0,0.00,0,0.03,0,0.01,1,0.04
M,720,Flores,4.5,4.5,Arsenal,0,0.00,0,0.00,0,0.03,0,0.00,0,0.00
M,721,Azeez,4.5,4.5,Arsenal,0,0.00,0,0.00,0,0.00,0,0.00,0,0.00
D,722,Jeanvier,4.0,4.0,Brentford,1,0.02,1,0.02,2,0.07,2,0.07,1,0.04
M,723,Garnacho,4.5,4.5,Man Utd,0,0.00,0,0.00,0,0.00,0,0.00,0,0.00
D,724,Lavinier,4.0,4.0,Spurs,0,0.00,0,0.00,0,0.00,0,0.00,0,0.00
F,725,Forde,4.5,4.5,Watford,0,0.00,0,0.00,0,0.00,0,0.00,0,0.00
M,10017,Charly Musonda Jr.,99.9,99.9,Chelsea,0,0.00,0,0.01,0,0.03,0,0.02,0,0.00
M,10037,Tudor Baluta,99.9,99.9,Brighton,0,0.01,0,0.00,0,0.01,0,0.01,0,0.00
G,10061,Loris Karius,99.9,99.9,Liverpool,0,0.00,0,0.02,1,0.05,0,0.00,1,0.05
G,10072,Lee Grant,99.9,99.9,Man Utd,0,0.00,0,0.00,0,0.02,0,0.00,1,0.04
G,10091,Matija Sarkic,99.9,99.9,Wolves,0,0.00,0,0.00,0,0.00,0,0.02,0,0.00
G,10096,David Martin,99.9,99.9,West Ham,0,0.00,0,0.01,1,0.03,0,0.00,0,0.01
F,10202,Shola Shoretire,99.9,99.9,Man Utd,0,0.00,0,0.00,0,0.00,0,0.00,0,0.00