Pos,ID,Name,BV,SV,Team,36_xMins,36_Pts,37_xMins,37_Pts,38_xMins,38_Pts
G,1,Leno,4.5,4.5,Arsenal,1,0.10,2,0.10,3,0.16
G,2,Rúnarsson,4.0,4.0,Arsenal,0,0.00,0,0.00,0,0.00
M,3,Willian,6.3,6.3,Arsenal,0,0.00,0,0.00,0,0.00
F,4,Aubameyang,9.6,9.6,Arsenal,0,0.00,0,0.00,0,0.00
D,5,Cédric,4.2,4.2,Arsenal,42,3.47,25,1.15,16,0.81
F,6,Lacazette,8.2,8.2,Arsenal,29,3.58,28,1.66,29,1.94
M,7,Xhaka,4.8,4.8,Arsenal,87,5.23,83,2.51,80,2.64
D,8,Marí,4.2,4.2,Arsenal,0,0.00,0,0.00,0,0.00
D,9,Bellerín,4.8,4.8,Arsenal,0,0.00,0,0.00,0,0.00
D,10,Chambers,4.2,4.2,Aston Villa,67,3.68,59,4.97,49,0.82
D,11,Kolasinac,4.2,4.2,Arsenal,0,0.00,0,0.00,0,0.00
M,12,Elneny,4.4,4.4,Arsenal,84,5.15,76,2.36,54,1.81
M,13,Maitland-Niles,5.2,5.2,Arsenal,0,0.00,0,0.00,0,0.00
D,14,Holding,4.1,4.1,Arsenal,28,2.35,13,0.55,17,0.78
M,15,Partey,5.0,5.0,Arsenal,0,0.00,8,0.30,32,1.18
D,16,Tierney,4.9,4.9,Arsenal,0,0.00,0,0.00,0,0.00
M,17,Pépé,6.9,6.9,Arsenal,15,2.15,15,1.04,16,1.28
M,18,Torreira,4.5,4.5,Arsenal,0,0.00,0,0.00,0,0.00
M,19,Willock,5.4,5.4,Newcastle,58,1.80,58,2.16,53,2.10
F,20,Nketiah,5.6,5.6,Arsenal,67,7.55,70,3.56,68,3.96
M,21,Smith Rowe,5.7,5.7,Arsenal,39,4.56,41,2.28,42,2.61
M,22,Saka,6.7,6.5,Arsenal,78,10.47,76,4.86,75,5.44
D,23,Gabriel,5.4,5.4,Arsenal,87,6.99,84,3.73,81,4.08
D,24,Mavropanos,4.5,4.5,Arsenal,0,0.00,0,0.00,0,0.00
M,25,Guendouzi,4.5,4.5,Arsenal,0,0.00,0,0.00,0,0.00
M,26,Martinelli,5.3,5.3,Arsenal,50,5.63,49,2.70,49,2.95
D,27,Saliba,4.5,4.5,Arsenal,0,0.00,0,0.00,0,0.00
G,28,Steer,3.9,3.9,Aston Villa,0,0.00,0,0.00,0,0.00
M,29,Hourihane,4.9,4.9,Aston Villa,0,0.00,0,0.00,0,0.00
G,30,Martínez,5.5,5.5,Aston Villa,90,6.98,88,7.84,88,3.12
D,31,Engels,4.5,4.5,Aston Villa,0,0.00,0,0.00,0,0.00
M,32,Traoré,5.7,5.7,Aston Villa,10,1.19,13,1.77,13,0.60
M,33,Grealish,7.5,7.5,Man City,48,5.95,46,2.77,48,3.13
M,34,Sanson,5.0,5.0,Aston Villa,39,3.14,38,3.51,30,1.08
M,35,McGinn,5.6,5.6,Aston Villa,87,5.11,81,5.54,80,1.95
D,36,Hause,4.4,4.4,Aston Villa,0,0.00,2,0.22,5,0.13
M,37,Trézéguet,5.4,5.4,Aston Villa,0,0.00,0,0.00,0,0.00
D,38,Mings,5.0,5.0,Aston Villa,86,4.86,81,6.88,80,1.29
D,39,Targett,4.7,4.7,Newcastle,87,1.37,86,2.48,80,2.81
F,40,Watkins,7.5,7.4,Aston Villa,82,6.88,81,8.07,80,2.52
M,41,Nakamba,4.4,4.4,Aston Villa,43,2.58,36,2.42,18,0.58
M,42,El Ghazi,5.6,5.6,Everton,2,0.30,2,0.36,2,0.12
M,43,Buendía,6.1,6.1,Aston Villa,65,5.80,55,5.89,45,1.68
D,44,Cash,5.3,5.3,Aston Villa,86,5.05,82,7.32,81,1.33
D,45,Konsa,4.9,4.9,Aston Villa,27,1.77,41,3.54,52,0.89
D,46,Guilbert,4.5,4.5,Aston Villa,0,0.00,0,0.00,0,0.00
F,47,Wesley,5.4,5.4,Aston Villa,0,0.00,0,0.00,0,0.00
F,48,Samatta,5.5,5.5,Aston Villa,0,0.00,0,0.00,0,0.00
F,49,Davis,4.5,4.5,Aston Villa,0,0.00,0,0.00,0,0.00
M,50,Douglas Luiz,4.3,4.3,Aston Villa,30,1.95,32,2.25,28,0.83
M,51,Ramsey,4.7,4.7,Aston Villa,0,0.00,26,2.29,74,2.07
D,52,Young,4.7,4.7,Aston Villa,15,1.05,11,1.13,11,0.28
M,53,Lallana,5.3,5.3,Brighton,12,0.63,13,0.67,12,0.63
G,54,Steele,3.9,3.9,Brighton,1,0.02,2,0.10,3,0.12
M,55,Groß,5.7,5.7,Brighton,51,2.57,51,2.53,48,2.57
D,56,Duffy,4.0,4.0,Brighton,15,0.54,18,0.60,13,0.57
M,57,Pröpper,4.5,4.5,Brighton,0,0.00,0,0.00,0,0.00
D,58,Burn,4.4,4.4,Newcastle,87,1.37,81,2.41,79,2.88
D,59,Dunk,4.8,4.8,Brighton,88,3.02,85,2.74,82,3.44
M,60,March,5.3,5.3,Brighton,51,1.93,50,1.85,39,1.61
D,61,Webster,4.3,4.3,Brighton,42,1.53,47,1.58,35,1.52
D,62,Veltman,4.2,4.2,Brighton,81,2.65,79,2.44,74,2.90
F,63,Maupay,6.2,6.2,Brighton,50,2.58,49,2.48,48,2.61
M,64,Trossard,5.8,5.8,Brighton,75,3.51,69,3.21,68,3.47
G,65,Ryan,4.5,4.5,Brighton,0,0.00,0,0.00,0,0.00
M,66,Jahanbakhsh,5.5,5.5,Brighton,0,0.00,0,0.00,0,0.00
D,67,White,4.6,4.6,Arsenal,67,4.52,83,3.32,83,3.73
D,68,Bernardo,4.0,4.0,Brighton,0,0.00,0,0.00,0,0.00
G,69,Sánchez,4.5,4.5,Brighton,89,3.60,87,3.43,87,3.77
M,70,Bissouma,4.4,4.4,Brighton,84,2.47,79,2.32,78,2.45
D,71,Lamptey,4.5,4.5,Brighton,31,1.28,31,1.22,71,3.27
F,72,Connolly,5.3,5.3,Brighton,0,0.00,0,0.00,0,0.00
M,73,Alzate,4.8,4.8,Brighton,3,0.21,4,0.28,5,0.31
M,74,Mac Allister,5.1,5.1,Brighton,78,3.39,73,3.24,70,3.44
M,75,Moder,4.5,4.5,Brighton,0,0.00,0,0.00,0,0.00
D,76,Jansson,4.4,4.4,Brentford,87,3.13,85,2.36,75,2.61
M,77,Nørgaard,5.0,5.0,Brentford,85,2.76,83,2.38,81,2.67
F,78,Toney,6.9,6.9,Brentford,87,5.03,85,3.85,81,4.81
M,79,Fosu,5.1,5.1,Brentford,6,0.42,4,0.25,2,0.17
G,80,Raya,4.3,4.3,Brentford,89,3.79,89,3.45,87,3.64
M,81,Canós,5.5,5.5,Brentford,0,0.00,15,0.73,20,1.21
M,82,Dasilva,5.3,5.3,Brentford,15,0.82,18,0.85,14,0.78
D,83,Henry,4.5,4.5,Brentford,78,3.00,73,2.24,72,2.66
M,84,Janelt,4.9,4.9,Brentford,74,2.81,69,2.31,69,2.64
M,85,Ghoddos,5.2,5.2,Brentford,7,0.43,13,0.65,17,0.99
M,86,Jensen,4.9,4.9,Brentford,22,1.07,28,1.19,27,1.29
D,87,Goode,3.9,3.9,Brentford,0,0.00,0,0.00,0,0.00
F,88,Forss,5.3,5.3,Brentford,0,0.00,0,0.00,0,0.00
D,89,Roerslev,4.1,4.1,Brentford,64,2.42,55,1.63,48,1.73
D,90,Sørensen,4.3,4.3,Brentford,64,2.27,45,1.25,38,1.32
D,91,Pinnock,4.4,4.4,Brentford,0,0.00,30,0.94,59,2.25
G,92,Balcombe,4.0,4.0,Brentford,0,0.00,0,0.00,0,0.00
M,93,Zamburek,4.4,4.4,Brentford,0,0.00,0,0.00,0,0.00
G,94,Gunnarsson,3.9,3.9,Brentford,0,0.00,0,0.00,0,0.00
F,95,Dervişoğlu,5.4,5.4,Brentford,0,0.00,0,0.00,0,0.00
M,96,Mbeumo,5.2,5.2,Brentford,79,4.10,76,3.24,69,3.69
M,97,Bidstrup,4.4,4.4,Brentford,0,0.00,0,0.00,0,0.00
D,98,Tarkowski,4.9,4.9,Burnley,88,2.88,85,3.95,81,3.08
D,99,Bardsley,3.9,3.9,Burnley,2,0.04,2,0.08,2,0.06
D,100,Pieters,4.1,4.1,Burnley,9,0.29,13,0.70,18,0.71
M,101,Cork,4.4,4.4,Burnley,80,2.35,78,4.20,70,2.20
M,102,Stephens,4.4,4.4,Burnley,16,0.62,19,1.40,27,1.02
D,103,Long,4.0,4.0,Burnley,6,0.23,10,0.53,13,0.49
F,104,Rodriguez,5.2,5.2,Burnley,32,1.56,51,4.32,56,2.81
F,105,Barnes,5.2,5.2,Burnley,19,1.05,12,1.21,14,0.85
D,106,Mee,4.6,4.6,Burnley,0,0.00,6,0.38,18,0.81
M,107,Westwood,5.2,5.2,Burnley,0,0.00,0,0.00,0,0.00
M,108,Gudmundsson,5.4,5.4,Burnley,0,0.00,1,0.14,3,0.22
F,109,Wood,6.5,6.5,Newcastle,51,1.81,46,2.09,28,1.48
D,110,Lowton,4.4,4.4,Burnley,15,0.52,18,0.97,21,0.87
F,111,Vydra,5.2,5.2,Burnley,59,3.01,53,4.64,50,2.69
G,112,Pope,5.4,5.4,Burnley,89,3.62,89,6.61,87,3.78
D,113,Taylor,4.4,4.4,Burnley,81,2.66,77,3.63,73,2.74
G,114,Norris,4.3,4.3,Burnley,0,0.00,0,0.00,0,0.00
M,115,Brownhill,4.3,4.3,Burnley,85,2.85,82,4.86,79,2.76
M,116,Benson,4.5,4.5,Burnley,0,0.00,0,0.00,0,0.00
G,117,Peacock-Farrell,4.5,4.5,Burnley,0,0.00,0,0.00,0,0.00
M,118,McNeil,5.5,5.5,Burnley,84,3.23,82,5.58,81,3.30
D,119,Azpilicueta,5.6,5.6,Chelsea,53,5.64,59,3.29,54,3.27
F,120,Giroud,6.5,6.5,Chelsea,0,0.00,0,0.00,0,0.00
D,121,Thiago Silva,5.6,5.6,Chelsea,64,6.35,71,3.67,72,4.04
D,122,Alonso,5.7,5.6,Chelsea,61,8.34,68,5.10,73,6.00
M,123,Jorginho,5.7,5.7,Chelsea,22,2.07,40,2.00,45,2.46
M,124,Barkley,5.2,5.2,Chelsea,15,1.71,7,0.46,7,0.48
M,125,Kovacic,4.9,4.9,Chelsea,65,5.01,54,2.21,56,2.52
F,126,Batshuayi,5.5,5.5,Chelsea,0,0.00,0,0.00,0,0.00
D,127,Rüdiger,6.1,6.1,Chelsea,73,7.32,78,4.30,80,4.82
D,128,Zouma,5.4,5.4,West Ham,79,3.37,75,1.46,67,2.13
G,129,Arrizabalaga,4.5,4.5,Chelsea,21,1.89,19,0.91,23,1.16
M,130,Kanté,4.9,4.9,Chelsea,22,1.74,58,2.32,65,2.73
M,131,Ziyech,7.3,7.3,Chelsea,27,3.42,22,1.49,18,1.40
M,132,Loftus-Cheek,5.4,5.4,Chelsea,49,4.16,26,1.28,16,0.83
D,133,Christensen,4.6,4.6,Chelsea,17,1.61,18,0.89,32,1.74
F,134,Werner,8.7,8.7,Chelsea,50,6.21,57,3.86,60,4.34
D,135,Chilwell,5.6,5.6,Chelsea,0,0.00,0,0.00,0,0.00
F,136,Abraham,6.5,6.5,Chelsea,0,0.00,0,0.00,0,0.00
M,137,Pulisic,7.9,7.9,Chelsea,23,2.71,17,1.14,12,0.86
M,138,Mount,7.7,7.6,Chelsea,64,7.29,69,4.33,73,4.92
D,139,Ampadu,4.5,4.5,Chelsea,0,0.00,0,0.00,0,0.00
M,140,Hudson-Odoi,5.3,5.3,Chelsea,7,0.85,7,0.43,6,0.43
M,141,Havertz,7.9,7.9,Chelsea,53,6.97,62,4.56,65,5.23
D,142,James,6.4,6.3,Chelsea,58,7.37,68,4.62,66,4.93
G,143,Mendy,6.1,6.1,Chelsea,69,6.46,71,3.42,66,3.37
M,144,Gallagher,6.0,6.0,Crystal Palace,77,3.77,79,5.78,80,3.23
M,145,Gilmour,4.3,4.3,Norwich,79,4.43,75,2.08,72,1.96
G,146,Guaita,4.6,4.6,Crystal Palace,87,3.99,86,6.75,84,3.33
D,147,Tomkins,4.3,4.3,Crystal Palace,3,0.14,7,0.45,11,0.37
M,148,McArthur,4.3,4.3,Crystal Palace,65,2.61,64,4.07,65,2.18
F,149,Benteke,5.9,5.9,Crystal Palace,9,0.65,9,1.02,14,0.87
D,150,Kouyaté,4.5,4.5,Crystal Palace,30,1.54,29,2.12,27,1.02
D,151,Kelly,3.8,3.8,Crystal Palace,5,0.19,7,0.37,7,0.20
M,152,Milivojevic,5.2,5.2,Crystal Palace,2,0.10,4,0.39,5,0.25
F,153,Ayew,5.8,5.8,Crystal Palace,35,1.73,36,2.84,35,1.54
M,154,Zaha,6.8,6.8,Crystal Palace,84,5.49,81,7.58,78,4.16
M,155,Schlupp,5.4,5.4,Crystal Palace,43,1.91,46,3.25,51,1.87
G,156,Butland,4.4,4.4,Crystal Palace,3,0.14,4,0.30,6,0.25
M,157,Riedewald,4.7,4.7,Crystal Palace,1,0.04,2,0.17,3,0.13
D,158,Jach,4.2,4.2,Crystal Palace,0,0.00,0,0.01,1,0.04
F,159,Mateta,5.3,5.3,Crystal Palace,42,2.78,57,5.49,54,3.02
M,160,Eze,5.9,5.9,Crystal Palace,63,3.42,47,4.02,36,1.78
D,161,Ferguson,4.5,4.5,Crystal Palace,0,0.00,0,0.01,1,0.05
D,162,Mitchell,4.5,4.5,Crystal Palace,69,3.17,78,4.87,74,2.41
M,163,Delph,4.2,4.2,Everton,54,3.72,44,3.20,40,1.31
M,164,Sigurdsson,6.7,6.7,Everton,0,0.00,0,0.00,0,0.00
D,165,Coleman,4.9,4.9,Everton,86,6.50,84,6.96,79,1.86
M,166,James,6.9,6.9,Everton,0,0.00,0,0.00,0,0.00
M,167,Bernard,5.5,5.5,Everton,0,0.00,0,0.00,0,0.00
D,168,Digne,5.0,5.0,Aston Villa,77,5.29,81,8.26,79,1.37
D,169,Keane,4.6,4.6,Everton,54,4.20,53,4.52,52,1.25
G,170,Pickford,4.8,4.8,Everton,90,7.46,89,7.73,88,3.18
M,171,Allan,4.3,4.3,Everton,19,1.45,35,2.46,42,1.24
M,172,André Gomes,4.9,4.9,Everton,1,0.11,1,0.14,1,0.05
M,173,Doucouré,5.3,5.3,Everton,60,4.55,54,4.20,50,1.52
M,174,Iwobi,5.8,5.8,Everton,70,5.77,66,5.59,63,2.12
D,175,Mina,4.9,4.9,Everton,70,5.91,66,6.07,76,1.88
M,176,Davies,4.8,4.8,Everton,35,2.65,33,2.57,27,0.94
F,177,Calvert-Lewin,7.7,7.7,Everton,32,3.58,38,4.11,54,2.13
D,178,Holgate,4.2,4.2,Everton,63,4.23,59,4.35,55,1.11
D,179,Godfrey,4.7,4.7,Everton,0,0.00,3,0.22,9,0.22
F,180,Richarlison,7.5,7.5,Everton,65,7.42,79,9.20,73,2.91
G,181,Virgínia,4.0,4.0,Everton,0,0.00,0,0.00,0,0.00
M,182,Hernández,5.5,5.5,Leeds,0,0.00,0,0.00,0,0.00
G,183,Casilla,4.5,4.5,Leeds,0,0.00,0,0.00,0,0.00
D,184,Cooper,4.4,4.4,Leeds,71,2.99,77,2.71,74,2.12
D,185,Ayling,4.3,4.3,Leeds,86,3.71,83,3.09,79,2.37
M,186,Klich,5.1,5.1,Leeds,53,3.64,58,2.26,52,1.93
F,187,Rodrigo,6.3,6.3,Leeds,69,5.26,61,2.90,58,2.59
M,188,Dallas,4.9,4.9,Leeds,0,0.00,0,0.00,0,0.00
F,189,Bamford,7.7,7.7,Leeds,32,3.00,50,2.85,73,3.83
D,190,Llorente,4.5,4.5,Leeds,77,3.26,77,2.75,75,2.17
M,191,Phillips,4.7,4.7,Leeds,81,4.01,80,2.25,78,2.10
M,192,Costa,5.4,5.4,Leeds,0,0.00,0,0.00,0,0.00
M,193,Roberts,4.8,4.8,Leeds,0,0.00,0,0.00,0,0.00
D,194,Koch,4.3,4.3,Leeds,44,1.99,39,1.43,47,1.41
M,195,Poveda,4.5,4.5,Leeds,0,0.00,0,0.00,0,0.00
M,196,Raphinha,6.3,6.3,Leeds,83,7.58,83,4.80,80,4.21
M,197,Shackleton,4.4,4.4,Leeds,6,0.55,8,0.36,12,0.48
D,198,Struijk,4.3,4.3,Leeds,35,1.72,30,1.13,39,1.22
G,199,Meslier,4.8,4.8,Leeds,89,6.44,88,3.65,86,3.30
G,200,Schmeichel,4.9,4.9,Leicester,89,7.76,89,6.85,89,3.66
D,201,Evans,5.4,5.4,Leicester,45,3.82,54,3.02,62,2.17
M,202,Albrighton,5.2,5.2,Leicester,33,2.94,38,2.78,40,1.62
M,203,Mendy,4.3,4.3,Leicester,45,2.80,46,2.57,45,1.36
G,204,Ward,4.0,4.0,Leicester,1,0.04,1,0.09,1,0.05
F,205,Vardy,10.3,10.3,Leicester,47,6.30,61,5.93,66,3.99
M,206,Praet,4.9,4.9,Leicester,0,0.00,0,0.00,0,0.00
D,207,Pereira,5.2,5.2,Leicester,56,5.42,59,3.71,59,2.43
D,208,Amartey,4.0,4.0,Leicester,32,2.53,27,1.55,19,0.66
D,209,Castagne,5.3,5.3,Leicester,65,5.38,65,3.52,74,2.73
M,210,Tielemans,6.4,6.4,Leicester,76,6.54,78,5.28,83,3.16
M,211,Pérez,5.7,5.7,Leicester,19,2.30,28,2.70,27,1.51
M,212,Maddison,6.9,6.9,Leicester,65,7.84,69,6.24,71,3.89
F,213,Iheanacho,7.0,7.0,Leicester,41,5.25,31,3.27,28,1.80
M,214,Choudhury,4.4,4.4,Leicester,4,0.51,4,0.46,2,0.15
M,215,Barnes,6.5,6.5,Leicester,56,7.10,51,5.07,55,3.26
M,216,Ndidi,4.8,4.8,Leicester,0,0.00,0,0.00,0,0.00
D,217,Söyüncü,4.9,4.9,Leicester,59,4.55,57,2.96,53,1.81
D,218,Justin,4.9,4.9,Leicester,21,1.75,20,1.32,14,0.50
D,219,Thomas,4.3,4.3,Leicester,35,2.85,33,1.90,30,1.07
D,220,Fofana,4.3,4.3,Leicester,53,4.25,53,2.83,61,2.08
M,221,Milner,4.9,4.9,Liverpool,8,1.01,8,0.49,9,0.57
M,222,Henderson,4.9,4.9,Liverpool,68,5.44,69,2.83,67,3.04
G,223,Adrián,4.3,4.3,Liverpool,0,0.01,0,0.02,0,0.02
D,224,Matip,5.2,5.2,Liverpool,59,5.45,75,3.65,71,4.17
M,225,Thiago,5.3,5.3,Liverpool,59,4.58,57,2.32,54,2.40
M,226,Shaqiri,5.9,5.9,Liverpool,0,0.00,0,0.00,0,0.00
M,227,Chamberlain,5.8,5.8,Liverpool,17,1.80,16,0.88,18,1.03
F,228,Firmino,8.7,8.7,Liverpool,19,2.29,29,1.78,30,1.95
D,229,van Dijk,6.8,6.8,Liverpool,84,7.73,85,4.09,82,4.80
M,230,Mané,11.8,11.8,Liverpool,63,8.82,72,5.23,68,5.51
G,231,Alisson,6.0,6.0,Liverpool,90,8.19,88,4.11,88,4.64
M,232,Fabinho,5.4,5.4,Liverpool,82,5.46,82,2.88,81,3.06
M,233,Salah,13.3,13.1,Liverpool,76,13.22,77,7.08,76,7.92
D,234,Robertson,7.3,7.3,Liverpool,57,6.00,82,4.56,81,5.49
F,235,Origi,4.8,4.8,Liverpool,5,0.66,6,0.40,4,0.32
M,236,Minamino,5.1,5.1,Liverpool,5,0.65,5,0.36,5,0.40
D,237,Alexander-Arnold,8.4,8.4,Liverpool,86,10.57,82,5.37,81,6.31
D,238,Gomez,4.7,4.7,Liverpool,7,0.59,7,0.31,13,0.63
M,239,Keita,5.0,5.0,Liverpool,24,2.53,25,1.35,26,1.48
M,240,Jota,8.3,8.3,Liverpool,51,7.06,50,3.66,54,4.33
D,241,Phillips,4.2,4.2,Liverpool,0,0.00,0,0.00,0,0.00
G,242,Kelleher,4.3,4.3,Liverpool,0,0.03,2,0.09,2,0.09
D,243,Konaté,5.1,5.1,Liverpool,33,2.82,20,0.89,21,1.12
M,244,Jones,5.0,5.0,Liverpool,8,0.83,6,0.37,6,0.34
D,245,Tsimikas,3.7,3.7,Liverpool,23,2.25,7,0.38,8,0.48
D,246,N.Williams,3.8,3.8,Liverpool,0,0.00,0,0.00,0,0.00
D,247,R.Williams,4.4,4.4,Liverpool,0,0.00,0,0.00,0,0.00
D,248,Davies,4.0,4.0,Liverpool,0,0.00,0,0.00,0,0.00
D,249,Walker,5.4,5.4,Man City,20,2.17,71,3.47,70,3.77
M,250,Gündogan,7.1,7.1,Man City,51,6.13,50,2.82,47,3.00
M,251,De Bruyne,11.9,11.9,Man City,71,10.05,73,4.81,71,5.18
D,252,Stones,5.2,5.2,Man City,5,0.62,19,1.00,38,2.17
D,253,Mendy,5.2,5.2,Man City,0,0.00,0,0.00,0,0.00
M,254,Mahrez,8.6,8.6,Man City,40,6.74,36,2.88,34,3.04
M,255,Sterling,10.5,10.5,Man City,54,7.37,54,3.58,55,3.93
D,256,Cancelo,7.2,7.2,Man City,81,10.29,75,4.33,73,4.72
G,257,Ederson,6.1,6.1,Man City,89,9.24,88,4.25,87,4.46
D,258,Aké,4.7,4.7,Man City,37,4.54,23,1.26,21,1.25
D,259,Laporte,6.0,5.9,Man City,78,9.23,73,3.88,68,4.01
G,260,Steffen,4.4,4.4,Man City,1,0.07,2,0.09,3,0.15
M,261,Bernardo,7.0,7.0,Man City,58,6.05,61,3.00,62,3.34
D,262,Dias,6.1,6.1,Man City,75,8.75,73,3.80,66,3.81
F,263,Jesus,8.6,8.6,Man City,64,8.35,57,3.56,53,3.70
D,264,Zinchenko,5.3,5.3,Man City,56,6.24,24,1.23,24,1.38
M,265,Foden,7.9,7.9,Man City,59,7.78,66,4.05,68,4.63
M,266,Rodrigo,5.5,5.5,Man City,80,6.46,78,2.99,74,3.10
M,267,Harrison,5.5,5.5,Leeds,73,5.40,70,3.18,69,2.92
M,268,Torres,6.7,6.7,Man City,0,0.00,0,0.00,0,0.00
F,269,Cavani,8.4,8.4,Man Utd,9,0.54,0,0.00,13,0.79
G,270,de Gea,5.1,5.1,Man Utd,89,3.59,0,0.00,86,3.45
M,271,Matic,4.3,4.3,Man Utd,39,1.31,0,0.00,33,1.15
M,272,Pogba,7.4,7.4,Man Utd,0,0.00,0,0.00,0,0.00
D,273,Maguire,5.4,5.4,Man Utd,28,0.95,0,0.00,49,1.63
M,274,Fred,4.9,4.9,Man Utd,63,2.01,0,0.00,74,2.25
D,275,Shaw,5.0,5.0,Man Utd,0,0.00,0,0.00,43,1.60
M,276,Lingard,6.7,6.7,Man Utd,36,1.78,0,0.00,34,1.72
M,277,Fernandes,11.6,11.6,Man Utd,86,4.35,0,0.00,84,4.26
F,278,Martial,7.6,7.6,Man Utd,0,0.00,0,0.00,0,0.00
D,279,Telles,5.1,5.1,Man Utd,87,3.32,0,0.00,45,1.80
G,280,Henderson,4.7,4.7,Man Utd,1,0.03,0,0.00,3,0.14
M,281,Rashford,9.4,9.4,Man Utd,0,0.00,0,0.00,15,0.85
M,282,van de Beek,5.7,5.7,Everton,11,0.95,22,1.87,26,0.94
D,283,Tuanzebe,4.4,4.4,Man Utd,0,0.00,0,0.00,0,0.00
D,284,Lindelöf,4.8,4.8,Man Utd,69,2.20,0,0.00,52,1.64
M,285,McTominay,5.4,5.4,Man Utd,70,2.29,0,0.00,65,2.11
D,286,Bailly,4.9,4.9,Man Utd,2,0.06,0,0.00,1,0.05
M,287,James,6.0,6.0,Leeds,66,5.21,67,3.23,53,2.40
D,288,Wan-Bissaka,5.1,5.1,Man Utd,19,0.64,0,0.00,41,1.34
M,289,Greenwood,7.1,7.1,Man Utd,0,0.00,0,0.00,0,0.00
D,290,Williams,3.9,3.9,Norwich,58,2.65,56,1.34,57,1.02
M,291,Shelvey,5.3,5.3,Newcastle,72,1.96,65,1.99,59,1.90
D,292,Ritchie,4.9,4.9,Newcastle,5,0.14,7,0.27,6,0.28
D,293,Clark,4.4,4.4,Newcastle,0,0.00,0,0.00,0,0.00
G,294,Darlow,4.5,4.5,Newcastle,4,0.14,9,0.34,8,0.32
G,295,Dubravka,4.4,4.4,Newcastle,86,3.06,81,3.10,82,3.41
F,296,Wilson,7.1,7.1,Newcastle,10,0.43,38,1.81,59,2.93
M,297,Hendrick,4.8,4.8,Newcastle,0,0.00,0,0.00,0,0.00
M,298,Fraser,5.2,5.2,Newcastle,0,0.00,16,0.76,44,1.92
D,299,Lascelles,4.4,4.4,Newcastle,72,1.19,39,1.17,26,0.95
F,300,Gayle,5.2,5.2,Newcastle,2,0.11,1,0.05,1,0.07
D,301,Dummett,4.5,4.5,Newcastle,5,0.13,6,0.20,9,0.31
D,302,Manquillo,3.9,3.9,Newcastle,9,0.25,4,0.15,3,0.12
D,303,Krafth,4.3,4.3,Newcastle,71,1.18,32,0.96,11,0.38
M,304,Murphy,4.6,4.6,Newcastle,38,1.32,32,1.31,24,1.06
D,305,Schär,4.3,4.3,Newcastle,12,0.24,48,1.47,71,2.55
M,306,Hayden,4.5,4.5,Newcastle,0,0.00,0,0.00,0,0.00
F,307,Saint-Maximin,6.8,6.8,Newcastle,83,2.55,79,2.97,77,3.14
M,308,Almirón,5.0,5.0,Newcastle,60,2.02,50,2.09,37,1.71
M,309,S.Longstaff,4.3,4.3,Newcastle,8,0.29,6,0.23,6,0.23
F,310,Joelinton,5.8,5.8,Newcastle,72,2.00,63,1.96,68,2.14
D,311,Lewis,4.2,4.2,Newcastle,0,0.00,0,0.00,0,0.00
M,312,M.Longstaff,4.5,4.5,Newcastle,0,0.00,0,0.00,0,0.00
G,313,McGovern,3.9,3.9,Norwich,0,0.00,0,0.00,0,0.01
G,314,Krul,4.5,4.5,Norwich,89,6.52,90,3.32,86,3.07
F,315,Pukki,6.1,5.9,Norwich,86,7.75,83,3.42,81,3.33
M,316,Stiepermann,5.0,5.0,Norwich,0,0.00,0,0.00,0,0.00
M,317,Rupp,4.4,4.4,Norwich,1,0.08,1,0.05,1,0.07
M,318,McLean,4.9,4.9,Norwich,0,0.00,0,0.00,0,0.00
D,319,Hanley,4.4,4.4,Norwich,88,4.18,83,2.06,79,1.44
M,320,Hernández,4.9,4.9,Norwich,0,0.00,0,0.00,0,0.00
D,321,Byram,4.4,4.4,Norwich,58,2.84,53,1.37,44,0.88
F,322,Hugill,5.4,5.4,Norwich,0,0.00,0,0.00,0,0.00
M,323,Dowell,5.1,5.1,Norwich,71,5.76,67,2.64,57,2.28
D,324,Zimmermann,4.4,4.4,Norwich,15,0.88,24,0.71,27,0.69
M,325,Cantwell,5.3,5.3,Norwich,0,0.00,0,0.00,0,0.00
D,326,Aarons,4.3,4.3,Norwich,70,3.40,65,1.64,66,1.24
D,327,Sørensen,4.3,4.3,Norwich,22,1.30,27,0.82,32,0.75
M,328,Placheta,4.7,4.7,Norwich,3,0.45,4,0.26,3,0.23
F,329,Idah,4.8,4.8,Norwich,0,0.00,0,0.00,0,0.00
M,330,Martin,5.0,5.0,Norwich,0,0.00,0,0.00,0,0.00
D,331,Omobamidele,3.9,3.9,Norwich,0,0.00,0,0.00,0,0.00
M,332,Walcott,5.8,5.8,Southampton,3,0.21,5,0.31,3,0.25
G,333,Forster,4.4,4.4,Southampton,87,3.36,82,2.90,68,2.59
G,334,McCarthy,4.3,4.3,Southampton,0,0.01,6,0.20,21,0.80
M,335,Romeu,4.5,4.5,Southampton,77,2.18,81,1.98,76,2.16
M,336,Redmond,5.9,5.9,Southampton,37,1.60,39,1.43,39,1.69
F,337,Ings,7.7,7.7,Aston Villa,61,6.08,58,6.90,58,2.20
D,338,Stephens,4.4,4.4,Southampton,8,0.23,12,0.25,11,0.32
M,339,S.Armstrong,5.8,5.8,Southampton,57,2.27,59,2.02,58,2.37
D,340,Vestergaard,4.7,4.7,Leicester,14,1.18,8,0.51,4,0.17
M,341,Ward-Prowse,6.5,6.5,Southampton,87,3.71,84,2.90,85,3.71
D,342,Walker-Peters,4.8,4.8,Southampton,82,2.55,79,1.41,77,2.46
D,343,Bednarek,4.4,4.4,Southampton,82,2.42,79,1.38,75,2.27
F,344,Nlundulu,4.5,4.5,Southampton,0,0.00,0,0.00,0,0.00
F,345,Adams,6.6,6.6,Southampton,70,3.27,68,2.65,64,3.13
M,346,Tella,4.7,4.7,Southampton,33,1.50,32,1.31,37,1.69
M,347,Smallbone,4.5,4.5,Southampton,0,0.01,1,0.06,1,0.10
F,348,Obafemi,4.5,4.5,Southampton,0,0.00,0,0.00,0,0.00
M,349,Diallo,4.5,4.5,Southampton,16,0.58,15,0.50,17,0.61
M,350,Djenepo,5.2,5.2,Southampton,7,0.44,8,0.41,9,0.49
D,351,Salisu,4.5,4.5,Southampton,82,2.38,80,1.36,77,2.27
G,352,Hart,4.5,4.5,Spurs,0,0.00,0,0.00,0,0.00
G,353,Lloris,5.4,5.4,Spurs,89,6.74,89,4.10,89,4.04
M,354,Sissoko,4.4,4.4,Watford,86,5.06,84,2.68,84,2.10
D,355,Alderweireld,5.0,5.0,Spurs,0,0.00,0,0.00,0,0.00
M,356,Lamela,6.0,6.0,Spurs,0,0.00,0,0.00,0,0.00
F,357,Kane,12.4,12.4,Spurs,87,9.40,81,6.54,80,6.71
D,358,Aurier,4.9,4.9,Spurs,0,0.00,0,0.00,0,0.00
M,359,Son,11.0,11.0,Spurs,82,8.87,79,6.43,78,6.55
D,360,Doherty,4.6,4.6,Spurs,0,0.00,0,0.00,0,0.00
D,361,Dier,4.7,4.7,Spurs,84,4.37,82,3.89,81,3.83
M,362,Lucas Moura,5.9,5.9,Spurs,26,2.57,33,2.03,33,2.12
M,363,Dele,6.2,6.2,Everton,18,1.92,17,1.88,16,0.72
D,364,Davies,4.5,4.5,Spurs,78,4.09,74,3.50,71,3.33
M,365,Højbjerg,4.8,4.8,Spurs,86,4.89,84,3.05,82,3.05
M,366,Winks,4.4,4.4,Spurs,13,0.93,15,0.60,22,0.89
D,367,Sánchez,4.2,4.2,Spurs,27,1.57,34,1.63,35,1.69
D,368,Sessegnon,4.3,4.3,Spurs,72,5.11,69,4.29,60,3.73
M,369,Bergwijn,5.9,5.9,Spurs,10,1.11,13,0.94,18,1.29
D,370,Reguilón,5.1,5.1,Spurs,1,0.10,7,0.38,21,1.25
D,371,Tanganga,4.2,4.2,Spurs,0,0.00,0,0.00,0,0.00
M,372,Lo Celso,5.9,5.9,Spurs,0,0.00,0,0.00,0,0.00
M,373,Skipp,4.4,4.4,Spurs,0,0.00,0,0.00,0,0.00
D,374,Rodon,4.2,4.2,Spurs,2,0.17,4,0.21,8,0.36
M,375,Ndombele,5.7,5.7,Spurs,0,0.00,0,0.00,0,0.00
G,376,Foster,4.1,4.1,Watford,88,6.56,89,3.49,88,3.08
D,377,Rose,4.2,4.2,Watford,0,0.00,0,0.00,0,0.00
M,378,Gosling,4.7,4.7,Watford,0,0.03,1,0.05,0,0.02
D,379,Cathcart,4.2,4.2,Watford,8,0.49,12,0.39,16,0.32
F,380,Deeney,5.4,5.4,Watford,0,0.00,0,0.00,0,0.00
M,381,Cleverley,4.8,4.8,Watford,30,2.48,37,1.57,36,1.28
D,382,Femenía,4.3,4.3,Watford,73,4.33,72,2.54,70,1.25
F,383,Gray,5.4,5.4,Watford,0,0.00,0,0.00,0,0.00
D,384,Kabasele,4.3,4.3,Watford,80,4.16,75,2.36,73,1.16
M,385,Chalobah,5.0,5.0,Watford,0,0.00,0,0.00,0,0.00
M,386,Hughes,4.7,4.7,Crystal Palace,17,0.75,16,1.26,18,0.74
D,387,Troost-Ekong,4.3,4.3,Watford,6,0.38,9,0.28,9,0.20
F,388,Perica,4.5,4.5,Watford,0,0.00,0,0.00,0,0.00
G,389,Bachmann,4.0,4.0,Watford,2,0.12,1,0.04,2,0.06
D,390,Masina,4.3,4.3,Watford,7,0.47,10,0.38,7,0.19
M,391,Sema,5.2,5.2,Watford,2,0.23,5,0.27,4,0.17
M,392,Zinckernagel,5.5,5.5,Watford,0,0.00,0,0.00,0,0.00
F,393,Success,5.0,5.0,Watford,0,0.00,0,0.00,0,0.00
M,394,Dele-Bashiru,4.5,4.5,Watford,0,0.00,0,0.00,0,0.00
F,395,Fletcher,4.8,4.8,Watford,0,0.00,0,0.00,0,0.00
D,396,Sierralta,4.3,4.3,Watford,2,0.13,5,0.18,6,0.14
M,397,Quina,4.5,4.5,Watford,0,0.00,0,0.00,0,0.00
D,398,Navarro,4.0,4.0,Watford,0,0.00,0,0.00,0,0.00
M,399,Sarr,5.7,5.7,Watford,81,7.22,79,4.05,77,2.63
D,400,Ngakia,4.2,4.2,Watford,16,1.07,15,0.55,16,0.40
D,401,Wilmot,4.5,4.5,Watford,0,0.00,0,0.00,0,0.00
M,402,Hungbo,4.5,4.5,Watford,0,0.00,0,0.00,0,0.00
M,403,Louza,5.2,5.2,Watford,79,5.33,77,2.86,74,2.08
F,404,João Pedro,5.4,5.4,Watford,64,4.96,61,2.69,61,1.99
M,405,Baah,4.3,4.3,Watford,0,0.00,0,0.00,0,0.00
M,406,Noble,4.3,4.3,West Ham,17,0.87,5,0.26,9,0.42
G,407,Randolph,4.3,4.3,West Ham,2,0.07,0,0.00,0,0.02
G,408,Fabianski,5.0,5.0,West Ham,79,3.43,86,3.06,85,3.31
D,409,Ogbonna,4.9,4.9,West Ham,0,0.00,0,0.00,0,0.00
D,410,Reid,3.9,3.9,West Ham,0,0.00,0,0.00,0,0.00
D,411,Cresswell,5.5,5.5,West Ham,66,3.27,67,1.54,64,2.35
M,412,Yarmolenko,5.1,5.1,West Ham,17,1.27,12,0.63,14,0.85
F,413,Antonio,7.4,7.4,West Ham,73,4.24,78,2.82,74,3.26
D,414,Dawson,4.9,4.9,West Ham,84,3.58,81,1.50,82,2.53
D,415,Fredericks,4.4,4.4,West Ham,15,0.66,6,0.15,6,0.21
M,416,Lanzini,5.6,5.6,West Ham,56,2.92,55,2.04,56,2.39
D,417,Masuaku,4.4,4.4,West Ham,12,0.56,6,0.17,7,0.25
D,418,Coufal,4.7,4.7,West Ham,67,2.95,78,1.54,77,2.48
M,419,Benrahma,5.9,5.9,West Ham,53,3.13,52,2.08,54,2.49
M,420,Bowen,6.9,6.9,West Ham,63,3.92,74,2.83,71,3.30
M,421,Rice,5.0,5.0,West Ham,74,2.40,83,2.07,81,2.25
M,422,Soucek,5.7,5.7,West Ham,72,3.15,82,2.44,81,2.80
M,423,Fornals,5.9,5.9,West Ham,54,2.63,53,1.78,54,2.09
D,424,Diop,4.2,4.2,West Ham,14,0.58,34,0.65,38,1.18
D,425,Johnson,3.9,3.9,West Ham,39,1.67,31,0.71,31,1.06
M,426,Moutinho,4.9,4.9,Wolves,83,4.67,78,3.38,76,2.05
G,427,Patrício,5.0,5.0,Wolves,0,0.00,0,0.00,0,0.00
D,428,Boly,4.9,4.9,Wolves,80,3.20,74,3.60,65,1.02
D,429,Coady,4.8,4.8,Wolves,87,3.26,85,3.80,83,1.26
F,430,Jiménez,7.5,7.5,Wolves,74,5.46,68,4.52,68,2.44
D,431,Saïss,4.8,4.8,Wolves,67,2.74,50,2.62,42,0.73
D,432,Marçal,4.2,4.2,Wolves,27,1.38,27,1.41,27,0.60
D,433,Jonny,4.5,4.5,Wolves,84,3.56,82,4.39,80,1.27
M,434,Dendoncker,4.6,4.6,Wolves,60,3.29,53,2.18,50,1.32
M,435,Traoré,5.6,5.6,Wolves,0,0.00,0,0.00,0,0.00
M,436,Neves,5.2,5.2,Wolves,61,3.51,67,2.91,75,1.97
D,437,Semedo,4.8,4.8,Wolves,0,0.00,0,0.00,0,0.00
M,438,Podence,5.5,5.5,Wolves,18,1.43,38,2.15,47,1.66
D,439,Kilman,4.5,4.5,Wolves,21,0.86,50,2.38,70,1.08
M,440,Gibbs-White,4.5,4.5,Wolves,0,0.00,0,0.00,0,0.00
M,441,Neto,6.2,6.2,Wolves,37,2.99,32,2.00,27,1.12
M,442,Otasowie,4.5,4.5,Wolves,0,0.00,0,0.00,0,0.00
D,443,Hoever,3.9,3.9,Wolves,3,0.17,5,0.23,3,0.08
G,444,Söndergaard,3.9,3.9,Wolves,0,0.00,0,0.00,0,0.00
F,445,Fabio Silva,5.6,5.6,Wolves,33,2.84,36,2.28,31,1.29
D,446,Mosquera,4.4,4.4,Wolves,0,0.01,0,0.01,0,0.00
F,447,Welbeck,5.9,5.9,Brighton,75,3.63,71,3.37,71,3.54
G,448,Gunn,4.0,4.0,Norwich,1,0.09,0,0.02,3,0.12
M,449,Rashica,5.2,5.2,Norwich,84,6.66,80,3.01,76,2.88
F,450,Dennis,5.9,5.9,Watford,75,5.70,77,3.27,74,2.27
D,451,Collins,4.3,4.3,Burnley,86,2.92,78,3.76,66,2.61
G,452,Ruddy,4.3,4.3,Wolves,1,0.04,2,0.07,3,0.10
M,453,Fernandinho,4.7,4.7,Man City,17,1.42,15,0.61,18,0.76
D,454,Pollock,4.0,4.0,Watford,0,0.00,0,0.00,0,0.00
F,455,Daka,7.0,7.0,Leicester,21,2.71,15,1.68,13,0.85
D,456,Gibson,4.4,4.4,Norwich,37,1.75,43,1.05,49,0.87
D,457,Giannoulis,4.4,4.4,Norwich,32,1.89,32,0.97,31,0.75
M,458,Soumaré,4.8,4.8,Leicester,23,1.87,23,1.78,15,0.66
M,459,Mata,4.7,4.7,Man Utd,67,2.88,0,0.00,31,1.56
D,460,Perraud,4.8,4.8,Southampton,78,2.62,76,1.49,76,2.60
M,461,Trincão,5.6,5.6,Wolves,21,1.92,18,1.20,19,0.87
M,462,Mwepu,5.9,5.9,Brighton,0,0.00,21,0.98,36,1.75
D,463,Firpo,4.7,4.7,Leeds,75,3.66,74,2.95,71,2.38
M,464,Olise,5.3,5.3,Crystal Palace,53,3.15,48,4.40,51,2.58
D,465,Fernández,4.3,4.3,Newcastle,6,0.15,6,0.21,2,0.10
D,466,Tavares,4.3,4.3,Arsenal,81,6.99,79,3.73,75,4.03
M,467,Etebo,4.3,4.3,Watford,4,0.32,4,0.15,5,0.18
F,468,King,5.6,5.6,Watford,45,4.22,44,2.32,42,1.64
F,469,Mebude,4.5,4.5,Watford,0,0.00,0,0.00,0,0.00
D,470,Ait Nouri,4.1,4.1,Wolves,59,2.52,60,3.17,60,0.95
M,471,Lees-Melou,4.8,4.8,Norwich,78,5.64,75,2.63,72,2.49
F,472,Cucho,4.9,4.9,Watford,0,0.00,1,0.04,8,0.38
D,473,Bertrand,4.6,4.6,Leicester,0,0.00,0,0.00,0,0.00
D,474,Ward,4.5,4.5,Crystal Palace,28,1.22,22,1.33,25,0.79
G,475,Sá,5.2,5.2,Wolves,90,6.52,88,4.23,87,3.13
G,476,Scherpen,4.5,4.5,Brighton,0,0.00,0,0.00,0,0.00
D,477,Guéhi,4.5,4.5,Crystal Palace,86,3.87,83,4.97,81,2.56
M,478,Sambi Lokonga,4.8,4.8,Arsenal,8,0.61,12,0.46,11,0.46
M,479,Onyeka,4.9,4.9,Brentford,0,0.00,0,0.00,0,0.00
G,480,Hennessey,4.5,4.5,Burnley,1,0.06,1,0.09,3,0.14
G,481,Begović,4.0,4.0,Everton,0,0.04,1,0.10,2,0.09
M,482,Townsend,5.2,5.2,Everton,0,0.00,0,0.00,0,0.00
D,483,Ajer,4.4,4.4,Brentford,80,3.12,77,2.30,72,2.73
M,484,Gray,5.4,5.4,Everton,73,7.79,61,6.97,53,2.27
M,485,Sancho,8.9,8.9,Man Utd,0,0.00,0,0.00,27,1.42
G,486,Gollini,4.2,4.2,Spurs,1,0.08,1,0.07,1,0.06
M,487,Bryan,5.7,5.7,Spurs,0,0.00,0,0.00,0,0.00
D,488,Andersen,4.6,4.6,Crystal Palace,88,3.99,83,5.01,80,2.54
G,489,Areola,4.7,4.7,West Ham,9,0.40,4,0.15,5,0.19
G,490,Klaesson,4.3,4.3,Leeds,1,0.04,2,0.06,4,0.15
D,491,Livramento,4.2,4.2,Southampton,0,0.00,0,0.00,0,0.00
M,492,Bailey,6.3,6.3,Aston Villa,0,0.00,4,0.58,11,0.52
D,493,Clyne,4.3,4.3,Crystal Palace,79,3.63,76,4.71,76,2.45
D,494,Romero,4.8,4.8,Spurs,84,4.25,82,3.77,79,3.67
M,495,Kucka,5.5,5.5,Watford,62,4.10,60,2.15,58,1.61
M,496,Ramsey,4.4,4.4,Aston Villa,0,0.00,0,0.00,0,0.00
M,497,Philogene-Bidace,5.0,5.0,Aston Villa,0,0.00,0,0.00,0,0.00
D,498,Thompson,4.4,4.4,Brentford,0,0.00,0,0.00,0,0.00
M,499,Baptiste,4.9,4.9,Brentford,3,0.20,7,0.36,8,0.45
F,500,Andone,5.0,5.0,Brighton,0,0.00,0,0.00,0,0.00
D,501,Sarr,4.9,4.9,Chelsea,35,3.03,28,1.44,18,0.92
D,502,Kenny,4.4,4.4,Everton,18,1.37,21,1.70,25,0.63
M,503,Gordon,4.6,4.6,Everton,79,7.42,73,7.22,70,2.62
M,504,Gbamin,4.4,4.4,Everton,0,0.00,0,0.00,0,0.00
M,505,Dewsbury-Hall,4.4,4.4,Leicester,58,4.49,54,3.44,56,2.02
M,506,Elliott,5.3,5.3,Liverpool,2,0.32,2,0.19,4,0.27
M,507,Palmer,4.5,4.5,Man City,2,0.28,4,0.25,3,0.22
M,508,Edozie,4.7,4.7,Man City,0,0.04,1,0.05,2,0.10
G,509,Heaton,3.9,3.9,Man Utd,0,0.00,0,0.00,0,0.01
D,510,Dalot,4.2,4.2,Man Utd,69,2.36,0,0.00,49,1.69
M,511,Pereira,5.0,5.0,Man Utd,0,0.00,0,0.00,0,0.00
M,512,Elanga,4.8,4.8,Man Utd,75,3.26,0,0.00,71,3.08
G,513,Woodman,4.3,4.3,Newcastle,0,0.00,0,0.00,0,0.00
G,514,Gillespie,3.9,3.9,Newcastle,0,0.00,0,0.01,0,0.00
D,515,Mumba,3.9,3.9,Norwich,0,0.00,0,0.00,0,0.00
F,516,Sargent,5.4,5.4,Norwich,14,1.33,27,1.14,51,1.92
M,517,Elyounoussi,5.4,5.4,Southampton,34,1.60,32,1.33,27,1.33
F,518,Broja,5.4,5.4,Southampton,58,2.66,53,2.09,52,2.52
F,519,Long,5.4,5.4,Southampton,35,1.74,33,1.44,39,1.95
F,520,Scarlett,4.5,4.5,Spurs,0,0.03,0,0.03,1,0.04
D,521,Alves,4.0,4.0,West Ham,0,0.00,0,0.00,0,0.00
M,522,Coventry,4.5,4.5,West Ham,0,0.00,0,0.00,0,0.00
F,523,Cutrone,5.0,5.0,Wolves,0,0.00,0,0.00,0,0.00
M,524,Wissa,5.7,5.7,Brentford,55,3.12,52,2.45,61,3.46
F,525,A.Armstrong,5.7,5.7,Southampton,8,0.47,13,0.63,13,0.78
M,526,Chukwuemeka,4.5,4.5,Aston Villa,2,0.24,2,0.28,1,0.07
D,527,Chalobah,4.7,4.7,Chelsea,38,3.70,21,1.16,23,1.32
M,528,Tzolis,4.8,4.8,Norwich,18,1.91,18,0.94,15,0.75
F,529,Lukaku,11.4,11.4,Chelsea,62,8.33,45,3.32,42,3.35
F,530,Balogun,4.7,4.7,Arsenal,0,0.00,0,0.00,0,0.00
M,531,Nelson,5.0,5.0,Arsenal,0,0.00,0,0.00,0,0.00
G,532,Hein,4.0,4.0,Arsenal,0,0.00,0,0.00,0,0.00
F,533,Richardson,4.5,4.5,Burnley,2,0.11,1,0.08,1,0.06
D,534,Thomas,3.9,3.9,Burnley,0,0.00,0,0.00,0,0.02
F,535,Zeqiri,4.5,4.5,Brighton,0,0.00,0,0.00,0,0.00
D,536,Karbownik,4.0,4.0,Brighton,0,0.00,0,0.00,0,0.00
M,537,Richards,4.5,4.5,Brighton,0,0.00,0,0.00,0,0.00
M,538,Caicedo,4.5,4.5,Brighton,74,2.45,68,2.24,62,2.19
D,539,Emerson,4.5,4.5,Chelsea,0,0.00,0,0.00,0,0.00
D,540,Hannam,3.9,3.9,Crystal Palace,0,0.00,0,0.00,0,0.02
M,541,Rak-Sakyi,4.4,4.4,Crystal Palace,0,0.02,0,0.02,0,0.01
F,542,Street,4.5,4.5,Crystal Palace,0,0.00,0,0.00,0,0.00
M,543,Banks,4.5,4.5,Crystal Palace,0,0.01,0,0.01,0,0.00
D,544,Branthwaite,4.0,4.0,Everton,6,0.48,8,0.69,6,0.19
F,545,Broadhead,4.5,4.5,Everton,0,0.00,0,0.00,0,0.00
D,546,Valery,3.9,3.9,Southampton,17,0.53,19,0.39,22,0.71
M,547,Cundle,4.4,4.4,Wolves,13,0.96,12,0.55,11,0.39
M,548,Campbell,4.4,4.4,Wolves,1,0.09,1,0.04,2,0.07
D,549,Marques,4.0,4.0,Wolves,0,0.00,0,0.00,0,0.00
F,550,Greenwood,4.6,4.6,Leeds,4,0.32,3,0.14,3,0.17
M,551,Summerville,4.5,4.5,Leeds,0,0.00,0,0.00,0,0.00
M,552,Forshaw,4.5,4.5,Leeds,0,0.00,0,0.00,0,0.00
M,553,Woodburn,4.5,4.5,Liverpool,0,0.00,0,0.00,0,0.00
D,554,Baptiste,3.9,3.9,West Ham,0,0.00,0,0.00,0,0.02
D,555,Varane,5.5,5.5,Man Utd,85,2.85,0,0.00,80,2.69
G,556,Fernández,4.5,4.5,Brentford,1,0.04,0,0.02,1,0.03
M,557,Tufan,5.0,5.0,Watford,0,0.00,0,0.00,0,0.00
M,558,Ødegaard,5.6,5.6,Arsenal,81,8.68,80,4.12,78,4.51
G,559,Ramsdale,5.1,5.1,Arsenal,89,7.42,88,3.89,87,4.04
D,560,Roberts,3.9,3.9,Brighton,0,0.02,0,0.02,1,0.05
G,561,Matthews,3.9,3.9,Crystal Palace,0,0.00,0,0.00,0,0.00
D,562,Drameh,3.9,3.9,Leeds,0,0.00,0,0.00,0,0.00
D,563,Cresswell,4.0,4.0,Leeds,1,0.10,2,0.08,4,0.13
F,564,Kean,6.0,6.0,Everton,0,0.00,0,0.00,0,0.00
D,565,Dodgson,3.9,3.9,Burnley,0,0.01,0,0.00,0,0.00
M,566,Doyle,4.5,4.5,Man City,0,0.00,0,0.00,0,0.00
D,567,Lyanco,4.4,4.4,Southampton,26,0.78,30,0.59,36,1.09
F,568,Archer,4.5,4.5,Aston Villa,0,0.00,0,0.00,0,0.00
D,569,Stevens,3.9,3.9,Brentford,1,0.03,1,0.03,0,0.01
D,570,Nkounkou,4.0,4.0,Everton,0,0.00,0,0.00,0,0.00
G,571,Lonergan,3.9,3.9,Everton,0,0.00,0,0.00,0,0.00
G,572,Okonkwo,3.9,3.9,Arsenal,0,0.00,0,0.00,0,0.00
G,573,Jakupovic,3.9,3.9,Leicester,0,0.00,0,0.00,0,0.00
G,574,Elliot,4.0,4.0,Watford,0,0.00,0,0.00,0,0.00
M,575,Lennon,4.7,4.7,Burnley,53,1.94,42,2.91,33,1.37
M,576,McCarron,4.4,4.4,Leeds,2,0.12,3,0.10,3,0.10
F,577,Gelhardt,4.7,4.7,Leeds,29,2.36,25,1.19,21,0.97
M,578,Cornet,5.8,5.8,Burnley,34,1.64,48,3.88,55,2.54
F,579,Ronaldo,12.2,12.2,Man Utd,81,4.79,0,0.00,76,4.55
D,580,Kabak,4.3,4.3,Norwich,0,0.00,0,0.01,4,0.07
M,581,Normann,4.5,4.5,Norwich,80,4.50,77,2.15,75,2.04
M,582,Vlasic,5.6,5.6,West Ham,25,1.52,18,0.84,21,1.09
F,583,Hwang,5.4,5.4,Wolves,58,4.12,51,2.78,49,1.73
D,584,Cucurella,4.9,4.9,Brighton,86,3.07,85,2.83,82,3.43
D,585,Roberts,4.4,4.4,Burnley,76,2.80,72,3.80,69,2.92
F,586,Edouard,6.0,6.0,Crystal Palace,22,1.49,27,2.91,26,1.59
M,587,Lookman,5.9,5.9,Leicester,32,3.71,25,2.43,21,1.20
D,588,Emerson Royal,4.5,4.5,Spurs,82,4.84,79,4.28,78,4.26
M,589,Kral,4.4,4.4,West Ham,14,0.54,8,0.26,8,0.26
D,590,Tomiyasu,4.5,4.5,Arsenal,50,3.94,68,2.91,79,3.76
F,591,Rondón,6.0,6.0,Everton,7,0.90,5,0.64,6,0.36
M,592,Saúl,4.9,4.9,Chelsea,28,2.52,13,0.71,9,0.50
G,593,Carson,3.9,3.9,Man City,0,0.00,0,0.00,0,0.00
D,594,Zanka,4.5,4.5,Brentford,0,0.00,0,0.00,0,0.00
F,595,Locadia,4.4,4.4,Brighton,0,0.00,0,0.00,0,0.00
G,596,Sinisalo,4.0,4.0,Aston Villa,0,0.00,0,0.00,0,0.01
M,597,Markanday,4.5,4.5,Spurs,0,0.00,0,0.00,0,0.00
D,598,Omole,3.9,3.9,Spurs,7,0.48,6,0.31,5,0.26
M,599,White,4.4,4.4,Newcastle,0,0.00,0,0.00,0,0.00
M,600,Kenneh,4.4,4.4,Leeds,3,0.24,2,0.11,2,0.09
M,601,McKinstry,4.3,4.3,Leeds,2,0.20,2,0.09,1,0.05
F,602,Simms,4.5,4.5,Everton,0,0.00,0,0.00,0,0.00
D,603,Mbete,3.9,3.9,Man City,1,0.11,0,0.02,1,0.07
D,604,Wilson-Esbrand,3.9,3.9,Man City,1,0.11,0,0.02,0,0.03
M,605,Lavia,4.4,4.4,Man City,0,0.01,0,0.01,0,0.01
G,606,Bettinelli,4.0,4.0,Chelsea,1,0.05,1,0.04,1,0.06
F,607,Dobbin,4.5,4.5,Everton,0,0.00,0,0.00,0,0.00
D,608,Hjelde,4.0,4.0,Leeds,0,0.02,0,0.00,1,0.03
M,609,Anderson,4.5,4.5,Newcastle,0,0.00,0,0.00,0,0.00
D,610,Bogarde,4.0,4.0,Aston Villa,1,0.08,2,0.17,1,0.04
G,611,Moulden,4.0,4.0,Wolves,0,0.00,0,0.00,0,0.00
M,612,Sarmiento,4.5,4.5,Brighton,0,0.00,0,0.00,0,0.01
M,613,Whitaker,4.5,4.5,Everton,0,0.01,0,0.00,0,0.00
M,614,Maghoma,4.5,4.5,Brentford,2,0.09,0,0.01,0,0.01
G,615,Slicker,4.0,4.0,Man City,0,0.00,0,0.00,0,0.00
G,616,Tyrer,4.0,4.0,Everton,0,0.00,0,0.00,0,0.00
D,617,Ashby,4.0,4.0,West Ham,0,0.01,0,0.00,1,0.03
D,618,Nkoulou,4.4,4.4,Watford,0,0.00,0,0.00,0,0.00
G,619,Cox,4.0,4.0,Brentford,0,0.00,0,0.00,0,0.00
M,620,Morton,4.5,4.5,Liverpool,0,0.00,0,0.00,0,0.00
G,621,Storer,4.0,4.0,Wolves,0,0.00,0,0.00,0,0.00
F,622,Tosun,5.0,5.0,Everton,0,0.03,0,0.04,1,0.04
D,623,Welch,4.0,4.0,Everton,0,0.00,0,0.04,1,0.02
M,624,Bate,4.5,4.5,Leeds,2,0.20,2,0.07,2,0.08
M,625,Gordon,4.5,4.5,Liverpool,0,0.00,0,0.00,0,0.00
D,626,Bradley,4.0,4.0,Liverpool,0,0.00,0,0.00,0,0.01
D,627,Beck,4.0,4.0,Liverpool,0,0.00,0,0.00,0,0.01
M,628,Haygarth,4.5,4.5,Brentford,1,0.05,0,0.02,1,0.03
M,629,McAtee,4.4,4.4,Man City,0,0.01,0,0.02,0,0.02
M,630,Onyango,4.5,4.5,Everton,0,0.00,0,0.00,0,0.00
M,631,Jenkins,4.5,4.5,Leeds,2,0.15,3,0.12,3,0.11
D,632,Jones,4.5,4.5,Man Utd,6,0.20,0,0.00,5,0.17
D,633,Morris,4.0,4.0,Watford,0,0.00,0,0.01,0,0.00
M,634,Perkins,4.5,4.5,West Ham,0,0.01,0,0.01,0,0.01
D,635,Bueno,4.0,4.0,Wolves,7,0.41,7,0.36,10,0.22
M,636,Diallo,5.0,5.0,Man Utd,0,0.00,0,0.00,0,0.00
G,637,Lewis,3.9,3.9,Southampton,0,0.00,0,0.00,0,0.00
M,638,Iroegbunam,4.5,4.5,Aston Villa,44,2.86,35,2.59,24,0.79
D,639,Daley-Campbell,4.0,4.0,Leicester,0,0.00,0,0.00,0,0.00
F,640,Young-Coombes,4.5,4.5,Brentford,1,0.08,2,0.08,3,0.18
G,641,Caballero,4.2,4.2,Southampton,3,0.12,2,0.08,2,0.07
G,642,Angelini,4.0,4.0,Watford,0,0.00,0,0.00,0,0.00
D,643,Tomkinson,4.0,4.0,Norwich,0,0.02,1,0.03,0,0.01
D,644,Alese,4.0,4.0,West Ham,5,0.23,1,0.04,3,0.10
D,645,Nelson,4.0,4.0,Leicester,1,0.06,1,0.05,1,0.04
M,646,Brunt,4.5,4.5,Leicester,0,0.03,1,0.07,0,0.02
M,647,McAteer,4.5,4.5,Leicester,0,0.00,0,0.00,0,0.00
M,648,Rowe,4.4,4.4,Norwich,0,0.00,0,0.02,0,0.02
F,649,Dickson-Peters,4.5,4.5,Norwich,0,0.00,0,0.00,0,0.00
G,650,Marschall,4.0,4.0,Aston Villa,0,0.00,0,0.00,0,0.00
D,651,Egan-Riley,4.0,4.0,Man City,1,0.07,1,0.03,1,0.04
M,652,Oko-Flex,4.4,4.4,West Ham,1,0.04,0,0.02,1,0.03
D,653,Turns,4.0,4.0,Brighton,2,0.10,2,0.09,1,0.07
M,654,Leonard,4.5,4.5,Brighton,0,0.00,0,0.00,0,0.01
F,655,Ferguson,4.5,4.5,Brighton,0,0.00,0,0.02,0,0.00
G,656,Pitaluga,4.0,4.0,Liverpool,0,0.00,0,0.00,0,0.00
D,657,Moore,4.0,4.0,Leeds,1,0.06,0,0.01,0,0.02
M,658,Gray,4.5,4.5,Leeds,3,0.23,2,0.10,2,0.08
G,659,Austin,4.0,4.0,Spurs,0,0.00,0,0.00,0,0.00
D,660,Quansah,4.0,4.0,Liverpool,0,0.00,0,0.00,0,0.01
M,661,Jordão,4.5,4.5,Wolves,0,0.00,0,0.00,0,0.00
M,662,Peart-Harris,4.5,4.5,Brentford,1,0.03,0,0.02,0,0.01
F,663,Kayky,5.0,5.0,Man City,0,0.00,0,0.00,0,0.02
M,664,Patino,4.5,4.5,Arsenal,0,0.00,0,0.01,0,0.03
D,665,Simeu,4.0,4.0,Southampton,0,0.00,0,0.00,0,0.00
G,666,McCracken,4.0,4.0,Norwich,0,0.00,0,0.00,0,0.00
D,667,Small,4.0,4.0,Southampton,2,0.09,2,0.07,4,0.14
M,668,White,4.4,4.4,Spurs,0,0.00,0,0.01,1,0.03
M,669,Conteh,4.5,4.5,Watford,0,0.00,0,0.00,0,0.00
D,670,Feeney,4.0,4.0,Aston Villa,1,0.08,2,0.20,1,0.03
M,671,Hall,4.5,4.5,Chelsea,0,0.01,0,0.00,0,0.00
M,672,Vale,4.5,4.5,Chelsea,0,0.03,0,0.00,0,0.00
G,673,Lössl,4.5,4.5,Brentford,0,0.02,1,0.03,2,0.07
D,674,Patterson,4.2,4.2,Everton,0,0.00,0,0.00,0,0.00
D,675,Mykolenko,4.9,4.9,Everton,77,5.99,76,6.45,71,1.71
D,676,Kamara,4.5,4.5,Watford,83,4.57,79,2.66,83,1.33
D,677,Samir,4.5,4.5,Watford,86,4.37,82,2.54,80,1.28
D,678,Trippier,4.9,4.9,Newcastle,11,0.27,58,2.01,77,3.16
M,679,Kayembe,4.5,4.5,Watford,10,0.90,10,0.45,14,0.55
M,680,Chauke,4.5,4.5,Southampton,1,0.05,0,0.02,1,0.03
M,681,Coutinho,7.1,7.1,Aston Villa,76,6.94,74,8.18,75,2.54
D,682,Ekwah,4.0,4.0,West Ham,0,0.00,0,0.00,0,0.01
M,683,Gibbs,4.5,4.5,Norwich,3,0.22,4,0.15,3,0.11
D,684,Hayden,4.0,4.0,Aston Villa,1,0.06,1,0.09,1,0.03
D,685,Toti,4.4,4.4,Wolves,5,0.26,5,0.23,2,0.07
D,686,Sanderson,4.0,4.0,Wolves,0,0.00,0,0.00,0,0.00
M,687,Giles,4.5,4.5,Wolves,0,0.00,0,0.00,0,0.00
G,688,McGill,4.0,4.0,Brighton,0,0.00,0,0.01,0,0.02
M,689,Chiquinho,5.5,5.5,Wolves,1,0.12,3,0.17,2,0.07
D,690,Kenedy,4.5,4.5,Chelsea,17,2.14,11,0.69,8,0.61
G,691,Olsen,4.0,4.0,Aston Villa,0,0.04,2,0.14,2,0.06
M,692,Hutchinson,4.5,4.5,Arsenal,0,0.01,0,0.01,0,0.02
M,693,Oulad M'hand,4.5,4.5,Arsenal,0,0.01,1,0.03,0,0.02
F,694,Biereth,4.5,4.5,Arsenal,0,0.00,0,0.02,1,0.04
D,695,Alebiosu,4.0,4.0,Arsenal,0,0.00,0,0.00,0,0.00
M,696,Luis Díaz,8.0,8.0,Liverpool,57,7.04,38,2.56,39,2.88
M,697,Bruno Guimarães,5.0,5.0,Newcastle,81,2.15,78,2.48,78,2.67
M,698,Kalu,4.9,4.9,Watford,1,0.12,1,0.07,1,0.10
M,699,Eriksen,5.6,5.6,Brentford,82,3.86,79,3.05,78,3.71
F,700,Weghorst,6.3,6.3,Burnley,73,3.37,69,5.43,65,3.23
M,701,Kulusevski,6.3,6.3,Spurs,69,5.89,71,4.16,68,4.09
M,702,Bentancur,4.9,4.9,Spurs,80,4.56,80,2.83,71,2.65
M,703,Chrisene,4.5,4.5,Aston Villa,0,0.01,1,0.05,1,0.03
F,704,Delap,4.5,4.5,Man City,0,0.04,1,0.05,1,0.05
D,705,Awe,4.0,4.0,Arsenal,1,0.07,1,0.03,1,0.06
M,706,Mejbri,4.5,4.5,Man Utd,1,0.05,0,0.00,1,0.08
M,707,De Bolle,4.4,4.4,Newcastle,0,0.00,0,0.00,0,0.00
G,708,Waller,4.0,4.0,Burnley,0,0.00,0,0.00,0,0.00
D,709,Adaramola,4.0,4.0,Crystal Palace,0,0.00,0,0.00,0,0.00
M,710,Chesters,4.5,4.5,West Ham,0,0.02,1,0.03,1,0.03
D,711,Swanson,4.0,4.0,Arsenal,0,0.04,0,0.01,1,0.03
D,712,Offiah,4.0,4.0,Brighton,2,0.07,2,0.08,3,0.14
M,713,O'Reilly,4.5,4.5,Aston Villa,0,0.02,1,0.07,0,0.02
M,714,Devine,4.5,4.5,Spurs,1,0.13,2,0.11,4,0.20
F,715,Kamara,4.5,4.5,Norwich,0,0.04,1,0.03,0,0.01
M,716,Springett,4.5,4.5,Norwich,3,0.24,3,0.13,3,0.12
M,717,Bowden,4.5,4.5,Spurs,0,0.00,0,0.00,1,0.04
M,718,Price,4.5,4.5,Everton,0,0.00,0,0.00,0,0.00
D,719,Ogungbo,4.0,4.0,Arsenal,0,0.05,1,0.06,1,0.05
M,720,Flores,4.5,4.5,Arsenal,0,0.01,0,0.00,0,0.02
M,721,Azeez,4.5,4.5,Arsenal,0,0.00,0,0.01,1,0.04
D,722,Jeanvier,4.0,4.0,Brentford,7,0.26,5,0.18,5,0.19
M,723,Garnacho,4.5,4.5,Man Utd,5,0.24,0,0.00,5,0.25
D,724,Lavinier,4.0,4.0,Spurs,8,0.49,6,0.30,5,0.26
F,725,Forde,4.5,4.5,Watford,0,0.05,1,0.05,1,0.04
M,726,Costelloe,4.5,4.5,Burnley,3,0.13,1,0.12,2,0.11
M,727,Shoretire,4.5,4.5,Man Utd,0,0.02,0,0.00,1,0.07
D,728,Álvaro Fernández,4.0,4.0,Man Utd,3,0.12,0,0.00,3,0.11
M,729,Craig,4.5,4.5,Spurs,0,0.00,0,0.01,1,0.04
D,730,Kirk,4.0,4.0,Arsenal,5,0.46,6,0.27,7,0.36
M,10017,Charly Musonda Jr.,99.9,99.9,Chelsea,2,0.23,0,0.01,0,0.00
M,10037,Tudor Baluta,99.9,99.9,Brighton,0,0.01,1,0.04,1,0.03
G,10061,Loris Karius,99.9,99.9,Liverpool,0,0.00,0,0.00,0,0.00
G,10072,Lee Grant,99.9,99.9,Man Utd,0,0.00,0,0.00,0,0.00
G,10091,Matija Sarkic,99.9,99.9,Wolves,0,0.00,0,0.00,0,0.00
G,10096,David Martin,99.9,99.9,West Ham,0,0.00,0,0.00,0,0.00